двач  где блять можно найти молоко без лактозы,0
никогда не видел  чтобы оно продавалось в пятерочках и тд,0
заебался дристать после каждого выпитого стакана протеинового коктейля,0
можно и с водой наверное бодяжить протеин  но это вроде дрисня полная,0
в мажорных магазахможет в бахеиле есть,0
бахетле,0
мимо  я не в московии живу,0
ашан  окей  лента,0
0 5% ультрапастеризованное молоко без лактозы,0
а вообще переходи на овсяное,0
просто походи по продуктовым и посмотри,0
мы  блядь  знаем  где ты живёшь  что ли,0
parmalat comfort безлактозное  примерно 100 рублей есть в ашане ленте точно,0
можно на озоне заказать,0
фу блять  я пробовал это молоко,0
дрисня,0
его невозможно куда то добавлять,0
с протеином наверное тоже получится параша,0
в пятерке дикси фикспрайсе есть немолоко  типа молоко из овсянки,0
еще вроде в магнолии видела именно безлактозное  попробуй там посмотреть,0
но мне немолоко вобще нравится  нравится больше любого молока,0
коко см,0
на 2см больше  чем у тебя,1
я бы тоже похрючил,0
кукуруза  крабы охуенно же,0
ждём нейронку на карты и богатеем всем двачем,0
это не я,0
хммммммммммм,0
а какие пароли от архивов,0
моча нахуй пиздец,0
пиздец  одни нищюки да негры юзают эти ваши андроеды,1
залетный  съеби,1
а ты уже поужинал,0
http:  gosms,0
gomocdn,0
com 59222 2017 09 11 03 22 16 gosharefile_image autocompress1505071330448,0
jpgкак остановиться листать это говно,0
какой же милашка,0
а какие пароли у архивов то,0
такие  как и всегда,0
какие охуенные волосы на 2 м пике,0
отлизали бы писечку,0
а какие вседа были,0
я д этогтне качал архивы ановъ,0
стандартный пароль,0
не тупи,0
знатный хохол,1
перепробовал кучу стандартных чтото не догоняю,0
стандартный точно работает  проверял,0
сволочь ты поганая добавь в шапку юзерскрипт,1
забей  лучше посмотри на этого собакена :3,0
какие пробовал,0
тебе его никто не скажет потому что моча банит,0
мне так на два дня прилетело как то,0
ну зачем ты так грубо  анончик,0
кок,0
догадался,0
лол,0
теперь ты олд,0
зачем ему столько баночек йогурта,0
гайд,0
есть там что нибудь интересное,0
или только нигры  старики и жирухи,1
сперма же,0
потому что уже 3 треда игнор,0
ну что  теперь у каждого анона есть купончик,0
абу был,0
в тред скидывали даже,0
сперма из банка спермы,0
упал,0
абу это конечно интересно  но уже на него не встает,0
присунул бы аутичному карлику за щеку,1
есть ящерка,0
is he consuming cum chalice,0
хуй застрял в пороге,0
как же хочется тяночку,0
кого то покромсало,0
сэкси,0
ящерке не присунул бы,0
страшно тред листать  боюсь мамку увидеть,0
в коллекцию к деду,0
этим только вайпатьможет форчану кинем и хуй забьем,0
чью,0
как же хочется тяночку,0
3 пик,0
антена для радио,0
музыкальный центр,0
бухая мать в семейниках,0
у меня флешбеки начались,0
тяночку хочца,0
могу и туда перекатить  но не знаю что там с местной мочой тут же ниггерская тема  мне кажется тереть будут,1
героям слава,0
ну так позвони и познакомься,0
уже звоню,0
что там с местной мочойв бан улетишь моментально  если на тематической доске начнёшь этим срать,0
они там рваться начнут с подобных фото,0
b  достаточно тематическая,0
b думаю стерпит,0
не вздумай в  pol это кидать,0
банхаммер работает как часы  за каждым ниггерским хуем следит,1
в б утонет быстро  перекатывай в политач или в  g,0
да бля,0
не сохраняется в папке,0
че делать то,0
чей батя,0
политач или в  g тогда через проксю  сладкий,0
на аватарке и  жизни,0
здоровья,0
1 пикмаш  ты,0
а помнишь  как мы в сосничестве бегали от проблем  боялись шорохов на стройке  как неуверенно ты брала меня за руку и так же неуверенно целовала,0
а потом мы весь новый год гуляли  пока ты не предложила зайти к тебе,0
там то и закончились наши отношения,0
начался разврат  плетки и сексмаш  ты,0
ладно  оп хую сейчас лень на форч перекатывать  если анон захочет  пусть сам перекатит,0
ое ламповое фото,0
сууука  опять ты  содомит,1
какое же форч старое и неудобное говно,0
ты ещё двач не видел,0
ты через прокси постишь,0
webm по 3 мегабайта,0
мммм,0
почему в зеркале за его спиной он отражается  как спереди,0
зеркала довен,1
блин  это ж типичное семейство из пасты,0
батя  мамка  корзиночка  только тётя срака с бонгом,0
визгнул,0
тебя ебет,0
афро славик сычев,0
йохан филип асбек,0
оффтоп,0
а почему бизнес настолько охуел что не просто сам выкладывает и пропагандирует а еще и наказывает тех кто скачивает и смотрит,0
нахуя выкладывали тогда,0
сами то не смотрели что ли,0
давайте накажем бизнес,0
я и не постил ничо  просто ридонли,0
а потом ещё говорят что всё это стереотипы,0
ну ну,0
перекатом на форч кто нибудь занялся,0
а ну ясно  я вот пытался запостить но он мне всё время ошибкивыдаёт и воспринимает это как спам,0
ага,0
кто в ниграх шарит  можете про них паст написать,1
я испоьлзовал vpn сервера в штатах,0
корм американских пидорах,1
возможно из за ссылок,0
используй dot вместо,0
обязательно напишите что силами рашан хакерс были взломаны негритянские жёппы  пока white sissi boi's дрочили на хитлу и парня которого закрыли  уже выпустили под залог   за пострелушки,1
карта еще 1 5 года назад сдохлатак не интересно,0
может впном страну сменить на асашай,0
они любят есть жаренную курицу ещё они геи  и любят срать друг другу в рот заедать всё это жареной курочкой  а потом обмазанные в говне отсасывают друг у друга,1
ну и конечно же крэк  марихуанна и т,0
п,0
а  не заметил,0
двачую,0
напишите  что если трампыня не станет королем в асашай  то и инстаграм положим,0
купил мужик шляпу  а она ему,0
на 2 няша пиздец,0
почему у всех баб такие уёбищные сиськи,1
зачем они их кому то отсылают,0
у кого на это встаёт,0
чому в приложении одни нигерши и латинки,1
гля какая,0
ууу сука  шишка колом,0
это старухи за 40 или жирные нигры,0
наелся и спит,0
запилил  побампайте пока там,0
виктор блуд,0
чыкчырык ебанулся уже да,0
оффтоп,0
a этим кто то еще кроме двача занимается,0
просто странно что у нас тут мамкины программисты что то начали делать а не взяли прогу у западных прогеров,0
сразу видно листву который сиськи видит только в порно,0
когда тебе твоя личная собственная тянка или жена кидает сиськи тебе похуй что они не идеальны ты ведь любишь ее всю,0
аухеть  скриллекс,0
тут делать то нечего  только ленивый не может парсер этого говна написать,0
пик отклеился,0
любимая еда ендерменов,0
мне она же попадалась,0
а где упоминание ру хакеров,0
бля  я там надолго забанен за ниггерские хуи в пораше,1
сразу видно командира футбольной команды,0
блять  а потом ты берешь их в руки,0
почему так много хуев и сисек  они только так и общаются,0
что он сосет,0
если на русском написать все это   то будет ещё кринжове,0
даже конченые дауны так не общаются на русском,1
ребенок  нахуя мужу фото сисек жены,0
сиськи интересны только до ебли  потом уже насрать хоть очко разъебанное сразу видно листву который сиськи видит только в порно,0
нихуя проекциямимокрок,0
прямо очень нескрепно  прямо вот чувствую как скрепы трещат,0
там зумерши есть или только бабки,0
напомни сам  чё,0
нихуя не сохраняет,0
вроде парсит  а в папке пусто,0
блять  а потом ты берешь их в рукипереходи на бесконтактные способы оплаты  вдруг хуй болен коронавирусом,0
ни одной зумерши я думал там будут залежи цп  а там только старухи и нигры,0
цп нет,0
хароший скрыпт  но все черное,0
вдогонку,0
дали анону дырявый сервисанон нихуя не накопалкроме всратых вагин и сисек нигеровзаебись контент уровня \б\это как в сортире залезть в ведро со сральной бумагой,1
объясните  почему там одни негры  и в целом все выглядит как наш родной русский быдлотред,1
это какая то приложуха для нищеты,0
быстрофикс,0
черное в смысле негров,1
или просто место фото все черное,0
если так  то впн включи  у меня без него через 10 страниц перестали фотки показываться,0
сохраняет в папке  в которой запустил скрипт,0
спс за совет  анон,0
мимо другой ловец черного,0
что значит  errno 2,0
нету трыщь майор,0
просто именно так всё и выглядит  красивые буклеты описывали лишь социум идентичный натуральному  нужно сноски читать не забывать,0
в том то и дело  что в папке остается пусто,0
еще попробуй когда не показывает фотки  перейти на страницу вперед  потом назад  все начинает снова работать,0
да не майор я,0
копай лучше,0
может найдешь,0
ребенок  нахуя мужу фото сисек жены,0
сиськи интересны только до ебли  потом уже насрать хоть очко разъебанноетем не менее  шлют  и мужья для жен мастурбируют  раньше в российских файлообменниках много таких было фото и видео  где мужья писали или говорили  что это для жен и наоборот,0
небось  черной девушке послал,0
ты про скрипт на go,0
такая же хуйня у меня  он парсит  но не сохраняет,0
у меня заработал только 3 й скрипт из шапки,0
ну и для тамперманкей скрипт работает,0
чёрному парню,0
async кун охуевший скрипт сделал и уже внедрил nudenet для детекта nsfwимею предложение добавить сортировку самого nsfw контента по папкам  этот самый nudenet это умеет,0
сам я ленивое хуйло и не разбираюсь  может когда то потом сам попытаюсь,0
нахуя брить яйца и не брить пузо и ноги,0
это же выглядит пиздец стремно,0
чёрному парню,0
может быть,0
нахуя брить яйца и не брить пузо и ноги,0
потому что это ты идёшь ебать  а не тебя,0
для этого уже есть готовые сортировщики,0
ну наверное если ты в бане там или в раздевалки то кто то увидит что ты брил какого то хуя пузо а так типо ты для себя но и остальным показываешь что ты не пидорок,0
сортируй ниггерские хуи в левую папку  а жирные чёрные вагины в правую  нахуй тебе неты там какие то,1
всё равно другого нюда там нет,0
тогда зачем брить яйца,0
контент,0
так а зачем они смотрят на мои яйца и пузо,0
они не пидорки часом,1
потому что тянка захочет и их пососать во время заглота твоего удава  сынок,0
кокой сладкий,0
ну они случайно посмотрят и будут думать о тебе как о голубом боичике и  все с тобой ясно   будет отношение уже будет не такое наверное,0
где там 3 скрипта для го,0
а если она захочет полизать мою дырочку,0
мне ее брить или нет,0
большая любовь на 3 и 4 пиках,0
а если я у них отсосу  что тогда они подумают,0
й скрипт на питоне  он у меня и заработал,0
ещё скрипт на питоне:,0
вам ебля из приватных чатов нужна что ли,0
в осле вбиваете whatsapp sex porn fuck и тд,0
вместо ватсаппа подставляйте что нужно snapchat и прочее,0
если ты бреешь анус  то скорее всего его не будут лизать,0
подумают что ты геи и попросят тебя не ходит в качалку тк там только гетеросексуальные ребята,0
это другое,0
сам ты осел,0
да  видел там детектор,0
самый пиздец,0
доку на инглише для  b ратьев из загнивающих и не только,0
анон с юзер скриптом  про тебя и в треде не форче забыли,0
руками,0
кто нибудь пробовал открывать битые картинки,0
хз что с ними делать,0
это вроде как из  секретных чатов  и там нужен какой то access_key,0
вкину няшу  заебало смотреть на гнилые пезды и черные хуи,1
я нихуя не понимаюerror: microsoft visual c   14,0
0 or greater is required,0
get it with  microsoft c   build tools :error: command errored out with exit status 1: 'k:\games\pyton\python,0
exe' 'k:\games\pyton\lib\site packages\pip\_vendor\pep517\_in_process,0
py' prepare_metadata_for_build_wheel 'c:\users\lok\appdata\local\temp\tmp6_pvms46' check the logs for full command output,0
какая то зависимость не может установиться,0
microsoft visual c   14,0
0 есть,0
у тебя там должна в консоли будет выползти строка начнет обновления питона  и там будет указана команда как это сделать,0
вот когда сделаешь  эта хуйня с vb пропадет,0
топ,0
ну если она должна быть в программах и компотентах то её нет у меня визуал есть с 2005 по 2019 но я не вижу в названии 14,0
палю годноту,0
ебать  нахуя это скрипту на питоне,0
попробуй заинсталить вот этуй хуйню microsoft c   build tools  там будет пункт насчет python  выбери его,0
хули на 2 3 фото людоеды ебаные,0
есть слив наташек,0
палю годноту,0
еслиб чел,0
а так это раковая приложуха для негров там няш милаш меньше процента,1
майкрософты пидорасы суют свою парашу везде,1
так это не питону  это нейронке  которая в код засунута  надотолько ее можно было через докер накатывать  так что я не понимаю зачем все это сделано,0
до чего же негритоски всратыеа белые вообще этой хуетой пользуются,1
так нейронке то нахуя билдтулзы ебать   ей только рантайм если только нужен   либо нужно версию нейронки выбрать под распространенный рантайм на вин7 10  либо подкинуть дллку рядом нужную,0
билд тулзы это если юзер будет конпилидровать вашу нейронку из исходников лол,0
идеально,0
интерпретатор на c написан,0
с первой проебался,0
2недавно эта пизда в ок камвхорила пока не забанили лол,0
питон то,0
ы написал и описывается понятикм 'минимальные софтскилз'  дубинушка,0
в рашке в обще то,0
с чего ты взял  что он только с абибасами корешится,0
хоть и не работают уже хз сколько  но чёт взбесила ваша хуйня,0
хр самая тупая профессия  днищее наверно нет,0
сидят дауны прочитавшие пару книг и считают  что они ниибаца спецы  прям с порога физиогномикой своей всё считывают,1
помню как работал  там тоже такие сидели  как тут в треде и пизда на вебм,0
не могли сотрудника найти  набирали типичных нормисов  которые к 11 приходили в 17 уходили  работали на отъебись,0
но зато жена детки хули всё как у людей,0
каждый hr кароче конченный дегенерат,1
случайное стечение обстоятельств,0
на самом деле существует множество конфигураций люков которые не круглые,0
конкретно круглыми их делают потому  что такая форма люка забита на линии которая их шлепает,0
конкретизируйте вопрос,0
только если ты хохел  анимедаун или говноглаз,1
нет  дубинушка,1
минимал   это соответствующие минимальным требованиям  а не днищё ёбаное,1
это еще почему,0
а как еще скотоублюдию называть,0
ну не знаю чувак  я понимаю конешно  что поцик с  челочкой  на фоне ковра может быть даже анимешником  но скорее всего он обычный  нормальный пацан,0
просто тут имеет место быть первое впечатление  которое редко бывает обманчивым,0
украшка,0
в пидорашке вообще то,1
я видел  как подобные лидеры сдувались,1
это забавно и смешно,0
быть лидером в школе или институте   это не показатель,0
много денег   не показатель,0
в миг можно опозориться на всю жизнь,0
двачую,0
скотоблевотия  хуйлостан  оккупационная свинопедерация  пынявые вымираты,1
вот чтоьы не было всего того что ты написал   это и есть минимальные требования,0
hr   раковая опухоль любой компании,0
дейли цель,0
почему ты не написал  ежедневную цель   гидроцефал,1
ток не надо оправдываться профессиональной непереводимой терминологией  ее тут нет,0
полизал тебе яичьки,0
библиотекарь  ты,0
так я же сам с рашки  мне в обще до пизды на украху,0
ссорян  не в ту сторону повоевал,0
hr девочки в подавляющем большинстве своём   это не профессиональные психологи,0
всего лишь максимум бывшие студентки психологических специальностей  которые  прочитали пару книжек и шикарно разбираются в людях,0
да  конечно  в крупных конторах на хороших зарплатах сидят прекрасные специалисты в своем деле  но если ты идёшь на собес в средненькую конторку  будь готов встретить обозленную на весь мир 36 летнюю маринку  которая уже со старта тебя ненавидит,0
то что в айти одни додики прогерс   миф,0
на самом деле в биг корпорейшнс и успешных стартапах сидят социализейшен гайс и герлс,0
зашуганный dude из под маминой юбки в такой corporation донт нидед,0
он кэннот инто общение с лидом и тимой,0
от него не будет фидбека,0
а на спринтах во время митингов эври морнинг он кэнт ставить себе дейли таргет,0
мост импортант скилл ин эври профешн  а тем более приближенной к бизнессу   это софтскилы,0
имхопофиксил тебя  дегенерат,1
вот тупая  блядь,1
айтишник по умолчанию должен быть ебнутым на всю голову,0
если он не ебнутый значит это очередной вкатывальшик  который нихуя не знает,0
ковер  визитка  блядь о чем это,0
человек который прочитал на порядок больше технической литературы  чем эта дура прочитала детективов за свою жизнь  который управляет системами которые ебашат миллионы транзакций в минуту или разрабатывает многомерные функциональные структуры которые держит только в своем воображении  может на фото хоть хуй выложить и все равно за ним выстроится очередь,0
ковер ей не нравится  блядь пиздец,0
значит  ты биомусор ненавидящий свою родину,1
бич плиз,0
бикоз это профжаргон,0
вот если б знаменые дядьки в свое время не убили в скотопидорке ойти говорили бы  по русски   а так   не выебывайся и понимай как умные люди говорят  собака  раз своих мозгов в башке нет,0
а как можно разбираться в людях  не повидав жизнь  не побывав в серьёзных ситуациях,0
для бизнеса это не нужно  это я про психологию,0
сосалка перекладывающая бумажки чему то кого то учит там,1
охуеть блять,0
хуя у омежки багор,1
300в секунду получаешь  а ковёр на картину пикассо поменять не можешь,0
зато омежка работает за двоих,0
у него работоспособность несколько больше  чем у социобляди  которая по клубасикам и прочему говну ходит,0
мир не черно белый,0
он не состоит из глупых социоблядей и умных  но отвергнутых омежек,0
обычно  именно социоблядь более интересен как личность,0
работы обычно немного,0
гораздо важнее взаимодействие между командой и фидбек,0
я бы наоборот только омежек и бралвот когда будет своя компания  тогда и бери,0
он не вольется в коллектив чел с челочкой граблями на фоне ковраокружение формирует сознание и наоборот,0
если человек живет в такой обстановке и так к себе относится  то это говорит об его уровне,0
нет  он не вольется в интеллигентную среду,0
аноны  хватит жить в плену иллюзий,0
непонятый интеллектуал в засраной одежде и без социальных связей   это миф,0
таких один на сотню,0
остальные 99%   это в лучшем случае бесполезные для большой компании люди,0
одно дело  когда весь отдел программистов из 1 2 человек  другое   когда одна или несколько больших команд  где важную роль играют личные качества,0
имплаинг что среднекун альфач,0
опытные программисты  которые руководят этими it конторамиит конторами редко руководят программистымимо в ит с прошлого века,0
профжаргон наш русский у нас на производстве на цеху у мастеров с 3 разряда  у тебя скотопидорство жополизное подпендосное гнойное и выебоны пидорские,1
ит конторами редко руководят программистытем не менее эти люди как правило в курсе разного айтишного движа,0
а если контора это наколенный стартуп то очень даже могут быть и программисты сами,0
помню мне hr мужик мозги на собезе в 2х этапах ебал  я два тестовых теста делал  2 раза  сука  приехжал к ним в офис  до того как меня к тимлиду подпустили,0
как итог   меня завалили вопросами уровня   какие индексы нужны в olap и oltp системах  меня  на тот момет джуна,0
хорошо что хоть ещё один офяер на руках был  иначе бы я там ёбнулся  лол,0
основная проблема в том  что джуны рано или поздно становятся мидлами,0
и потом хуй они пойдут в такие компании,0
зашкварище идти работать в контору где есть специальный hr,0
это корпоративная галера стопудов  где работника ни во что не ставят,0
мастеров с 3 разрядау мастеров разряды есть,0
поменял ковер на хуй тебе за щеку,0
профжаргон наш русский у нас на производстве на цеху у мастеров с 3 разрядалал,0
ну хуярьте там на своем жаргоне,0
я ж тебя не учу болты крутить  ты не пытайся меня учить на дейли митингах селфпрезентации и ретроспективы проводить,0
наколенный стартупэто да  но наколенный стартап не использует hr шлюх,0
а я и не против,0
бля  ребят  есть инсайд с брифинга в мейле,0
они проводили рисерч на фокус группах,0
есть реальный деманд у пользователей  но какой пока секрет,0
у меня по теме четкий вижн  кофаундер оч сильный продакт с бэкграундом в фанд  рейзинге,0
ворк флоу прописан,0
ищу дизайнера  чтобы запилить первый кейс в эмвипи,0
дедлайн — вчера  так что реальный челлендж прокачаться в скорости,0
если с фидбека ловим вау — эффект  то идем в диджитал медиа  набираем вэлосити и становимся ключевым вендором этой хуйни на рынке,0
деманды по кипиай уже есть  на запуске режем косты  так что платить не смогу,0
как только закроем чек пойнт с эккаунт планированием сразу пойдут бабки,0
вероятность факапа минимальна,0
го,0
ты не пытайся меня учить на дейли митингах селфпрезентации и ретроспективы проводить,0
в воскресенье в антикафе  коузи митинг  был проведен коворкинг среди эмбеддеров  qa и просто айтишников,0
коворкинг состоял из нескольких частей: воркшоп с перерывами на кофе брейки  кстати были вкуснейшие маффины с ванильным кремом  а также безалкогольный мохито и смуззи  и выступления докладчиков   стартаперов со смелыми краудфандинговыми проектами,0
общая аудитория состояла из специалистов довольно широкого круга: здесь мы видели как новичков в коворкинг центре  так и знакомых нам по прошлым встречам людей,0
воркшоп состоял из тренингов по применению облачных технологий в системах умный дом  использованию там искусственного интеллекта и обучающей модели для самонастройки системы,0
информация была интересна как людям  напрямую работающими с эмбеддед по  так и просто девелоперам и специалистам qa,0
далее была самая вкусная часть  а именно: доклады стартаперов  которые уже стабильно стоят на ногах и готовы продвигать свои креативные идеи в наш быт,0
стоит отметить почти четырехчасовой доклад с презентацией дизайнера и профессионального фотографа ивана сурикомова,0
иван известен нам по уже описанному ранее краудфандинговому проекту выключателя света на платформе arduino,0
смелые бизнес идеи  отличная задумка  мощная hardware поддержка   всё это про систему ивана,0
публика активно задавала вопросы  в ходе показа презентации иван детально описал своё устройство,0
инновационность заключается в том что длявыключения и включения освещения вам не нужно переключать выключатель,0
вся прелесть конструкции ивана в простоте и юзер френдли интерфейсе,0
подумайте только   свет управляется одной кнопкой  причем она сама запоминает свое состояние  словно включение системного блока стандарта atx,0
к тому же  кнопка повторяет форму пальца человека,0
из презентации сурикомова стало ясно  что подобных проектов в мире пока что не было,0
иван разработал трехмерную модель кнопки и продемонстрировал ее в презентации,0
на данный момент мой проект находится на стадии прототипирования и просчетабизнес идей    сказал сурикомов,0
модель кнопки в будущем будет распечатана на 3d принтере у ребят в фап лабе  для этого накикстартере ивану нужно собрать всего лишь $21 000,0
увы  пока что ивану не удалось совместить работающий макет своего устройства с реальной лампочкой  по словам ивана для управления лампой используется опасное высокое напряжение в 220в  а выводы arduino выдают 5в,0
но ничего  hardware специалисты будут разрабатывать блок для управления высоким напряжением,0
возможно мы применим трансформатор для преобразования 5в в 220в    отметил иван в завершении доклада,0
не обошло наше мероприятие и представительниц прекрасного пола  помимо знакомой нам с прошлых встреч ираиды сандро  сегодня выступила новая девушка из хакерспейса по имени елена,0
ее доклад тоже был принят с вниманием и интересом  ведь елена затронула очень актуальную тему на сегодняшний день   печать больших объектов на 3d принтере,0
в частности  елена продвигает идею печати стульев и пуфиков и даже продемонстрировала залу модель своего будущего стула  всего 7см в высоту,0
елена намерена набрать нужную сумму для воркшопа с помощью иностранной стартап кампании с краудинвестингом в основном из сша,0
к тому же  елена разработала смелое дизайнерское решение надеть картонную коробку на раму велосипеда,0
я давно думала о таком велосипеде  ведь никто до меня этого не сделал    заявила девушка,0
нельзя сказать что все выступления в антикафе были интересны публике: под вечер двое ребят пытались рассказать о построении каких то антенных систем на основе дешевых китайских тв тюнеров,0
публика отметила что проект пока что очень сырой и требует доработок  а также в нем изюминки  нет элементов хайтек стартапа,0
но слушатели предложили применить тв тюнер для управления вебкамерой в квартире с возможностью стрима через веб интерфейс,0
ваня сурикомов даже сказал что готов купить такое устройсто  если оно будет вести стрим на его iphone 9,0
на второй не ероха   обычный работяга  просто сфоткался не уебищно  насколько это возможно   просто норм,0
ну а что  современная практика hr представителей,0
мужики глянь  патриот ебаный нарисовался,1
оторый управляет системами которые ебашат миллионы транзакций в минуту или разрабатывает многомерные функциональные структуры которые держит только в своем воображениивряд лм будет выглядеть на фотке как уебан,0
ни кармак  ни гейтс не выглядят как скотопидорашье быдло,1
оба программисты  оба неплохо получают,0
да  скорее всего чуваки не выглядят как супермодели  но и не выглядят как бомжи вроде перельмана  который реально может пояснить за многомерную хуйню,0
потому что очень много англицизмов в айти впринципе,0
50% работы это работа с англоговорящими,0
все гайды  курсы  решения проблем  тематические форумы и чаты на английском,0
я не против говорить на русском языке  дело в том  что даже русскоговорящие предпочитают говорить  спринт  чек  трейни  курс    засольви проблему   дейли  митинг  коллаб  рефьюз  и это те слова что вспомнил сразу  их очень много,0
омежка бомбит от правды,0
любо дорого смотреть,0
даже русскоговорящие предпочитают говорить  спринт  чек  трейни  курс   засольви проблему   дейли  митинг  коллаб  рефьюз это только среди даунов аутистов вроде омежек программистов,1
по твоему описанию лид должен целыми днями только горшки за джунами менять и спрашиваться о том  может он сегодня с коллегами пообщаться или не может,0
решить вопрос увольнением   не сложно,0
проблема в том  что вначале нужно человека нанять  потратить на него время и деньги  а уже потом уволить,0
и это все ебать как дорого,0
намного проще выявить этот риск сразу и не нанимать вообще,0
так да  это минимальный набор,0
но если человек не в состоянии решить проблему  пройти хр скрининг   то этим минимумом он не обладает,0
по первой ссылке в гугле можно прочитать  какие фотки нужно вставлять в сиви,0
то есть ему либо совершенно похуй  либо он совершенно отбитый,1
ты прав в том  что на начальной позиции софт не так важен,0
софт развивается со временем в том числе,0
но он развивается у тех  кто хочет его развивать,0
если в 25 лет у человека софт скилз на уровне деревенского вани  который людей в глаза не видел  то это значит  что он не хочет и не будет его развивать,0
и уж они наверное что то понимают в том  каких именно кадров нужно нанимать к себе в фирму,0
как показывает опыт   нет,0
но в принципе уметь соответствовать социальной адекватности   это хорошее требование,0
в it всегда были и будут 90% всякий скам  омежки  женатики на всратках  немытые чуханы  жирдяи  просто миллионы жирдяев,1
что такое спринт,0
неосилятор детектед,0
хуя жиробаса порвало,1
но в принципе уметь соответствовать социальной адекватности   это хорошее требование,0
я спортик ваще,0
в рот ссал этим вонючим жиробасам,1
когда работал в айти охуел со скама,0
я в отделе один был на человека похож,0
остальные буквально воняли ссаками и даже говном один,0
цель: найти омежек через пробивобъяснить им что их унизилиподать в суд на хр,0
написал в резюме  что hr шлюхи   было 3 отклика в месяц,0
убрал   стало 125,0
хуй знает  пацаны,0
кстати  да,0
пиздень  которая считает себя спецом  которым конечно не является  занимается такой неэтичной хуйнёй,1
нужно его затравить,0
ну так правду никто не любит,0
по твоему описанию лид должен целыми днями только горшки за джунами менять и спрашиваться о том  может он сегодня с коллегами пообщаться или не может,0
по моему описанию  лид должен уметь анализировать поведение членов его команды и если что то не так работает как ему кажется должно   пытаться исправить,0
это означает  что он должен знать кто из его команды на что способен и с какой скоростью способен справляться с задачами,0
а для этого он должен  внезапно  общаться с этими людьми,0
и это поведение не только джунов касается   если мидл или какой нибудь другой сеньер помидор  звездят  или  быкуют  это тоже не очень хорошая ситуация,0
в твоей интерпритации тим лид это что,0
чем он по твоему должен заниматься,0
закомплексованнный омежка с большой вероятностью ненадежен,0
как человек  он может стать белой вороной,0
что он есть в коллективе  что его нет,0
а куда тогда должен устраиваться омежка  где ему зарабатывать деньги на еду,0
или сразу в могилу,0
ну да,0
зачем тебе чувак  который воняет в офисе  не моет голову  и делает какие то странные вещи,0
он будет только всех раздражать,0
если допустим он кодит хорошо   то можно удаленно,0
и то   бытовое свинство есть показатель того  как человек работает в итоге   не в решении конкретных задач  тут он может ас   а вообще   на протяжении всего цикла,0
мужики глянь  патриот ебаный нарисовался,1
в общем  я считаю  что может надо немного полицемерить,0
всего лишь не называть их шлюхами при первой встрече и шанс на работу увеличивается на 3000%,0
или сразу в могилу,0
дис,0
если  ероха  на второй шебм прислал бы фотку себя в бомжацком свитере на фоне ковра облезлых обоев трупа бабы сраки из соседней комнаты то реакция была бы соответствующей,0
а так просто удачно подобраный свет  обстановка и камера телефона,0
на самом деле он так занят решением проблем в коде  что не успевает делать бытовые дела,0
ты только что проебал спеца который сидел бы за работой 24 7,0
почему в коллективе нельзя сохранять формальные отношения  обсуждая пути решения задач сухим и профессиональным языком  отдавая приоритет навыкам кодинга  а не навыкам общения с быдлом,0
мы с тобой о разных вещах спорим,0
я согласен с твоим описанием того  что должен делать лид,0
но я все еще не понимаю  зачем при этом нанимать на работу людей  с которыми в 90% будут проблемы,0
если что то не так работает как ему кажется должно   пытаться исправитьда  и у нормальных людей проблемы возникают из за нормальных ситуаций  которые можно решать,0
у  не от мира сего несоциализированных не таких как все хикк  проблемы возникают постоянно и возникают из за какой то хуеты под которую никто не может и не хочет подстраиваться,0
нахуя их брать на работу  чтобы потом заниматься решением всех этих проблем,0
если ко мне пришел обычные неопытный парень я научу его практическим навыкам при его желании и умении учиться,0
я не хочу и не могу тратить время на то  чтобы учить хикку общаться с людьми и не есть козявки из носа,0
если этому его не научили все предыдущие годы жизни  то и я этим заниматься не буду,0
ну так и не нанимай его  ебана,0
интересные личности  действительно зарубаются на дальних подступах  и их профессиональные навыки имеют мало общего с тем почему их не хотят брать на работу,0
единственный шанс фрику дегенерату получить любую работу в коллективе   это чтобы коллектив строился от него  для этого он должен иметь производительность этого коллектива  чтобы иметь возможность быть мудаком  чтобы проще было менять окружающих нежели выпиздовать одного его,1
но не надо говорить что человек в чьи обязанности как раз входит  нянчиться  с джунами    не должен этого делать,0
ох,0
она меня собеседовала в 2013м в vaimo,0
неприятное было впечатление,0
на вопросы о работе отвечала  я не знаю,0
тестовое задание я выполнил; меня не взяли,0
через 8 9 месяцев друг отправил мой код на то же тестовое задание  и вроде бы уже другой hr предложил ему работу  от которой друг сам отказался,0
мимо живу в таллинне  в it дохрена лет,0
а в чемс она не права,0
ты выглядишь как омеж вот  и не взяла тебя,1
так омежка даже в формальные  привет  как дела  не сможет,0
а если еще и цинек мезатроп при этом  так вообще караул,0
нахуй коллективу нужен какой то подозрительный забитый чувак от которого хуй че допросишься и хуй что поручишь,0
отвечала выполнилты даже с полом не моджешь определиться  стоит ли тебя читать,0
русский не родной,0
фотонинужно,0
у меня везде в рабочих аккаунтах аватарки с анимешными девочками  например,0
не знаю,0
я задавал ей вопросы о работе,0
это да  я тогда уже сидел на двачах,0
язык тела  фотографии  правильный ракурс  правильное окружение,0
айти в 20к20,0
формальные  привет  как делаэто не формальные,0
я про формальное деловое общение,0
повидав жизнь  не побывав в серьёзных ситуацияхв любом случае для психолога это плюс  лучше поймет человека,0
но  во первых  жизнь не всегда такие возможности дает  например тянка вряд ли пройдет бомбасс или зимнюю вишню чтобы лучше помогать людям в экстренных ситуацияха во вторых  зачем изобретать велосипед  если умные люди давно написали горы сконцентрированной теории и практики помощи людям  с помощью которых даже непсихолог может помочь себе самостоятельно,0
умные люди давно написалиэто типа инфоцыганские книжки как добица всего нихуя не делая и как разбираться в людях через 30 минут,0
или что там,0
карнеги  который протух лет 30 назад,0
а у меня на оборот было  пришел устраиваться на работу  а там омежки 30 летни проводили собес  сам был в роле hr и пытался их раскрепостить,0
кстати топовый разработчик это только социоблядь,1
топовый разработчик это тот который дохуя ходит на конференции  делает доклады  круглые столы,0
их оценивают звездами на гитхабе  насколько он узнаваем среди коммюнити,0
сколько сабскрайберов итдтакие дела,0
нельзя сохранять формальные отношения  обсуждая пути решения задач сухим и профессиональным языкомможно,0
но даже если чудесным образом омежка на такое способен  то он слишком скрытный и мутный  чтобы быть уверенным в том  что он не обосрется от давления и проблем и уйдет в самый трудный момент,0
нужно понять  что за человек перед тобой  нужно  чтобы он был стабилен и предсказуем в решении нужных задач  а без неформального общения этого заранее не узнать,0
я бы не стал идти в разведку или забираться на гору с мутным непредсказуемым человеком  а тем более с человеком слабым духом,0
если парень в горах не ах если сразу раскис — и вниз шаг ступил на ледник — и сник оступился — и в крик  —значит рядом с тобой — чужой ты его не брани — гони,0
вверх таких не берут и тутпро таких не поют,0
ит конторами редко руководят программистымайкрсофтфейсбукгуглэппл,0
так речь про формальные отношения,0
а в чемс она не права,0
буквально во всём,0
это фашиствующая сука  которой насрать на развитие компании,1
кстати топовый разработчик это только социоблядь,0
топовый разработчик это тот который дохуя ходит на конференции  делает доклады  круглые столы,0
их оценивают звездами на гитхабе  насколько он узнаваем среди коммюнити,0
сколько сабскрайберов итд,0
кидай название компании  посмотрим на ее успешность,0
нет,0
это кпт  например  просто всякие полезные мелочи для организации и дисциплины  типа обратного планирования  прочая самопомощь,0
психолухи это не только инфоцыгане  тащемта,1
не про формальные а про приятельское а если омежка   гений кода,0
ну вот скажи может ли считаться кто то мега гуру если у него мало звезд и форков в гитхабе,0
этой соцсети для программистоввсе как в жизни,0
больше социоблядь значит лучше как профессионал,0
на оборотты бы лучше уроки делал  раскрепоститель,0
топовый разработчик это только социоблядьты слишком тупой  чтобы понять  что у тебя ошибка выжившего,0
может где то в деревне сидит битард  который уже код к машине времени написал  только ты про него никогда не узнаешь  а узнаешь про васяна гыгыкающего  который на конференция лыбу тянет,0
а если омежка   гений кодаа нахуй ему коллектив тогда,0
пусть не выебывается и пойдет по пути перельмана,0
вот по этому ты и омежка  если доёбываешься до такой хуйнимимо,1
все как в жизни,0
больше социоблядь значит лучше как профессионаллол блять,0
какой же ты дегенрат,1
надеюсь ты не hr,0
а если омежка   гений кода,0
допустим,0
но у него нет контакта с другими разрабами  командами,0
он не использует их решения  или не знает о них потому что не общается либо считает себя гением и что они сделали говно,0
он не переиспользует чужой код  его код не переиспользуютодин гений кода не потянет проект  каким бы гением он не был,0
по этомутолсто,0
точку в конце поставь  толстый,0
я макакокодер 250кк ннсек все как в жизни,0
больше социоблядь значит лучше как профессионалгде аргументы то,0
уважаемые веб макаки сеньеры и мидлы,0
вот вы кодите да  часто ли вам приходится алгоритмы al  mp  ns  под деревья писать  к примеру для вложенных комментов,0
какие еще алгоритмы нужны и под что,0
да,0
битард  который уже код к машине времени написалили не написалесли написал так пусть показывает это на конференциях  другие программисты оценят,0
топовый разработчик это тот который дохуя ходит на конференции  делает доклады  круглые столыда нихуя,0
топовый разработчик это тот  кто участвовал в создании какой нибудь топовой приблуды  либо сам ее сговнокодил с 0,0
ебальником светить на конфах абсолютно необязтально  если ты не собираешься конечно работать пиар менеджером или каким нибудь евангелистом,0
ну вот перельман показал  да и то под давление вероятно  раз даже от награды отказался,0
а оказался умнее всех по сути в своей теме,0
так что твоя хуйня тупя про социоблядство не верна вообще,0
гугли блять эффект данинга крюгера,1
сейчас 90% планеты живёт по сути на этой хуйне  довены подсасывают довенам,0
получается когнитивное искажение  примерно как у баб  у которых чсв до небес  потому что с малых сотни подсосов,0
вот и у тебя такое же искажение очевидно,0
у многих большинства прогеров точно,0
вынимай хуй из рта хоть изредка  совет тебе отеческий,1
перельмана бы хрюша забраковала  выглядит как фрик же,0
софт скиллзы отсуствуют,0
как показывает практика  на средне долгой дистанции от таких фриков мало толку проекту,0
решать какую то одну задачу  затратив на нее много лишнего времени для  оптимизации    это он может быть и может  а всего остального   нет  типа там  сдавать вещи вовремя  согласовывать всё с командой  объяснять свои действия на человеческом языке итд,0
выгоднее взять человека который работает размеренно  отдыхает на выходных и дела содержит в порядке,0
отчасти согласен,0
но все же хоть немного ебальником светить надо  чтобы верифицировать топовость однако он все таки публиковал статьи которы читали,0
для этого все же хоть немного надо быть социоблядьюи также разьежжал по европе по конференциям и светил ебальником  жил в швецарии итд,0
алсо  блять ещё тебе нассу в ротеш,1
ты же супер умный  всё знаешь,0
знаешь наверно такого персонажа александр невский мистер вселенная,0
знаешь конечно,0
а алексея нетесанова знаешь,0
не знаешь ты конечно нихуя,1
так вот у алексея нетесанова самый настоящий титул мистер олимпия  который был у шварца 6 раз,0
только никто этого толком не знает  потому что он не социоблядь ебучая  которая везде своей мордой лезет  на конференции  блять,1
однако он лучший,0
твой задроченный джун без софтскилзов будет месяц делать хуйню  потому что ему стыдно спросить  как делать правильно,0
жиза  сколько так раз увольнялся  где то месяц  где то неделя  рекорд 2 дня и 1 час третьего,0
а все потому что спросишь и думают  что тупой и сразу уволят  изи  а так хотя бы за месяц получить 50к  посидев в офисе как белый человек  все равно потом идти в курьеры за двадцатку,0
думаю те кто в теме и интересуются этим конкурсом знают про него  и уважают в отличии от невского,0
так что это социоблядь,0
ну спарведливости ради я соглашусь что фрики действительно в качестве наёмных работников в 80% случаев плохие,0
но это не знаит что фрики гавно  фрики очень часто создают что то иннваиционное  своё так сказать,0
ты тоже не знаешь всяких разных топовых программистов,0
но наверняка зато ты знаешь всяких фриков типа  болгенос,0
тут вообще никто не спорит  просто редко это происходит в случае когда нужна размеренная и слаженная командная работа,0
ну да,0
поэтому фрикам больше идёт стать каким нибудь спецом топ 1% либо пилить свой собственный пет проект который взлетит,0
иначе никак,0
а в бизнесе айти нужны среднего ума люди которые буду срать говнокодом в срок,0
по сути в бизнесе не важна оптимизация  главное в срок сделать и чтобы функционал заявленный был  а если оно ещё и с багами будет кому то даже лучше  можно будет даже доп,0
деньги с клиента брать за фикс говна,0
я не знаю  да,0
в таком случае откуда хра то вообще хоть что то знать о человеке,0
проверка соцсетей это вообще дегенератизм,0
я ими не пользуюсь  однако  когда работал  то все охуевали какой я ниибаца отвественный,0
а это потому что я перфекционист с окр,0
а твой нормис понос ебаный  за которым я всё время всё доделывал  но зато у него 250 друзей и дидываивали на стеночке,1
а все потому что спросишь и думают  что тупой и сразу уволятчувак  никто не ожидает от джуна особого скила,0
если джун не спрашивает   это неправильный джун,0
проблемы будут если все время спрашивать одно и то же,0
болгенос это как раз не фрик а кабанчик,0
попов не разбирался вообще ни в чём  я видел фрагменты его хеллоуворлдов на башорге уровня if if if if с кучей ifов,0
а уж его стеки где он вписывал все яп и фреймы которые знает я молчу,0
чувак научился редактировать строчные переменные в коде и конфигурации и продал кабанчиком это как супер пупер нанось,0
был бы чуть по взрослее и если бы руководствовался не чсв  а наживой к успеху бы пришёл,0
дидываивале   двачер с окресли бы не диды нас бы не был  а если бы не двачер то у нас было бы  1 рабочее место для сына тёти сраки из бухгалтерии,0
остальные буквально воняли ссаками и даже говном один,1
рили,0
то у нас было бы  1 рабочее место для сына тёти сраки из бухгалтерииэто работает только если фирма не ориентирована на прибыль,0
в небольшой коммерческой конторе сына тети сраки пойдет нахуй если не будет выдавать приемлемый результат,0
тетя срака может пойти следом если будет выебываться и мутить коллектив,0
проверка соцсетей это вообще дегенератизмхр открывает профиль гитхаба,0
ебать он пилил либы с сотнями звездзначит он стоящий разраб  пишу во все соцсети,0
пирамида возможностей,0
хр открывает профиль гитхабанахуя тогда шаболда с вебм оценивает людей по ковру,0
ей не поебать,0
сама же сука тнус ебаный ведь  за 10 минут до этого выступления все ноги себе обоссала и дырку жопную,1
не чувак  у тебя манямир,0
в небольшой коммерческой конторе сыну тети сраки создадут рабочее место чисто под него,0
а двачеру урежут зарплату  скажут что щас проблемы в компании и вообще работать надо больше,0
а что с ковром не так,0
у россиян и так почти  нет никакого своего культурного кода  а ковры на стенах это хоть что то особенное,0
нет  давайте считать это зашкваром только потому что так не делают на западе,0
нахуя тогда шаболда с вебм оценивает людей по ковру,0
не ебу,0
если ли бы парень был умней он бы сделал резюме без фото  или с качественным фото  а не давал возможность всяким шаболдам себя оцеивать,0
в небольшой коммерческой конторе сыну тети сраки создадут рабочее место чисто под него,0
мань  я работаю в небольших коммерческих конторах,0
так вот  создать рабочее место под сына тети сраки  можно в конторах размером с газпром или какой нибудь оракл  там от небольшого количества хуепинальщиков не просядет выручка в квартал у подразделения,0
а вот если у галеры рога и копыта у которой 8 заказчиков один из этих восьми скажет  чо у вас рабы такие тупые,0
может мне других макак поискать,0
это серьезно ударит по баблу,0
чувак  никто не ожидает от джуна особого скила,0
в вашем мире есть только джуны  лиды и разрабы,0
я не из вашей тусовки it фашистов,0
не в it  вновь пришедшим сотрудникам не всегда дают время раскачаться и войти в курс дела  формально то оно есть  где то это неделя  где 2 дня,0
что у нее с говором,0
говна в ротеш набрали или что,1
мерзкое животное какое то,1
спасибо анон,0
сразу заблочил,0
старушенция,0
вновь пришедшим сотрудникам не всегда дают время раскачаться и войти в курс делазависит от того  что должен делать сотрудник и что он наговорил на собесе,0
я не могу представить себе чтобы кто то там ожидал от таксиста или какого нибудь разнорабочего на стройке  например  что он будет месяц  раскачиваться и входить в курс дела,0
нет  я для красного словца немного припиздел,0
зависит от того  что должен делать сотрудник и что он наговорил на собесе,0
речь про вакансии  на которые можно было придти без релевантного опыта  начинающий или помощник специалиста нейм,0
старушенция какашенция,0
да ладно  первое слово дороже второго,0
нет,0
да ладно  первое слово дороже второго,0
первое слово съела корова,0
она смотрит на твой ковёр на стене,0
да даже оставляя в стороне софскилсы  код  внезапно  пишется для других людей,0
читаемость кода   зачастую главная его характеристика,0
а как додик сможет написать простой и понятный для других код на языке программирования  если он не вывозит даже за коммуницирование посредством своего родного языка,1
понятный для других код на языке программированиякомментарии не завезли,0
как наличие комментариев отменяет то  что код пишется для других людей и должен быть для этих других людей простым и понятным,0
у этой шлюхи 3 тысячи друзей на фейсбуке,1
три тысячи,0
пиздец дегенератка,1
умение разбираться в чужом коде не завезли,0
что вообще за ебала  писание кода для других  это что конвейер  покодил   предай другому,0
или там текучка ебическая  что утром пишет один  в обед увольняется  вечером заканчивает другой,0
ну конечно такая баба никогда на работу задрота с мамкиных борщей не примит  такой типаж женщин яркий у них в подсознании отвращение ко всяким гикам  задротам и прочим маминым коризнам,0
её тупо корёжит от одного вида таких омег,0
я бы такую хрюшу уволил бы нахуй,0
щас бы блядь по фото в фейсбуках и коврам людей выбирать,0
вот прямо мгновенно бы выпиздил нахуй на мороз  говно ебанное  которое вред приносит  вместо того  чтобы пользу приносить  за что ей и платят в принципе,0
мимо дирехтор,0
прямо по фото видно что  у неё софтскилзы 88лвла прямо софтскиллзы прокачены просто до предела,0
есть пикрил ейных сосисей то,0
что такое софтскилзы,0
мягкие навыки иль навыки программирования,0
у парня с шариком  у парня с ковром у них точно нормальные фото,0
ну уж извините что не в костюме и на фоне мерседеса  но тем не менее лица их видно всё чётко ясно  у двух последних фото слишком далеко сделаны не разглядеть их лица чётко,0
умение продавать себя и вот это все навыки кабанчика  подскочить  вопросик обкашлять ладить с коллективом ну здесь двачую  может там нищая омега превозмогатор которая с бабкой живёт в одной комнате и тут попросил эту самую бабку себя сфоткать чтобы в айти вкатиться  а над ним потом угорают,0
сколько ей лет,0
по виду под полтинник,0
умение разбираться в чужом коде не завезли,0
вот для того  чтобы с ним не нужно было разбираться  он и должен быть простым и понятным,0
что вообще за ебала  писание кода для другихработа программиста называется,0
ладить с коллективомто есть получается коллектив априори говно,0
какая разница  она всё равно не возьмёт ни тебя  ни меня на работу,0
блядь  еще я сгорел нахуй от ее отступления про свадебные фото и фото с детьми мол  ну мы девачки попиздим на кого дочка похожа  но фото не запомним,0
блядь  дно пробито,0
ты нахуй хрюша  специалистом должна быть  не должны под тебя подстраиваться и мол  свадебные фото тебя отвлекают   ну ахуеть  че несет  пизда  то есть она прямо тут на камеру и перед аудиторией расписывается в том  что она абсолютно тотально некомпетентна как специалист по кадрам,1
охуеть,0
пизда некомпетентная просто совсем берега попутала,1
она на полном серьезе запрягает о том  какие фото ставить  а какие нет только потому что те фото заставят ее о том подумать  а эти   об этом  это подпись под тем  что она абсолютно некомпетентный специалист я жи девачка,0
но фото не запомнимно имя не запомним быстрофикс,0
типичная тупорылая шалава,1
собственно её кроме hr больше никуда и не возьмут,0
именно,0
помню на одной работе работал и там я тупо пришёл здравствуй пока со всеми и общался строго по работе,0
так пидорахи начали крыситься на меня  подкалывать в итоге мне сказали что я с коллективом не поладил а что это за хуйня такая когда ты просто себя ведёшь нормально  работаешь  ни хамишь  не грубишь и становишься изгоем и типа в этом виноват,1
вот это коллектив гавно  какая то зона ёбаная или армия где надо ставить себяодно дело когда зашёл в коллектив сразу сказал всем что они гавно и пидоры  а ты дартаньян это действительно не поладил,0
самое хуёвое  что эта тупая пизда уже и не будет нуждаться в другой работе,1
будет торговать этой хуйнёй  типа она дохуя в людях разбирается и может крутых спецов найти  у неё же своё целое агенство,1
работа программиста называется,0
если программист постоянно на созвоне с заказчиком  внутренним или сторонним   то у вас плохо организован рабочий процесс,0
в нормальных местах программисту дается тз и он по нему работает,0
тз разрабатывает методолог координатор  короче сотрудник  который должен переговорить с заказчиком  программистом и всех их подружить,0
он следит за процессом  перед тем как отдать он все проверяет на предмет соответствия и т,0
д,0
она всё равно не возьмёт ни тебя  ни меня на работуну да  бабы эйчары подбирают себе мужиков  а не сотрудников в фирму,0
шебм,0
её реакция на омежек,0
шебм,0
её реакция на ероху,0
нет  у неё реакция на говнофото и нормальные фото,0
чуваки с первого видео могли сделать нормальные фотографии с нормальным освещением  а не на фоне бабушкиной квартиры или ковра в полумраками и засветами,0
даже тупо селфи можно лучше сделать  если некого попросить сфоткать со стороны,0
даже если ты живёшь в убитой квартире в самом всратом городе  всегда можно найти хоть одно нормальное место для фото   кафешку  парк  универ  офис и т,0
д,0
это вопрос в том  чтобы поратить на фото полчаса  а не одну минуту,0
только и всего,0
либо  омежки  пиздец ленивые  но тогда за что им платить 300кк нсек   либо совсем асоциалы  которые не осознают всратость фото  но такие ещё и не моются неделями и козявки из носа ковыряют   работать рядом с ними будет тупо неприятно остальным членам команды,1
если программист постоянно на созвоне с заказчиком  внутренним или сторонним   то у вас плохо организован рабочий процесс,0
какого заказчика нахуй,0
речь идет о других программистах,0
она фактически работает в кадровом агентстве,0
еще в середине 2000 это было дно для биомусора,0
был её профиль в треде   там какие то олдспанкеры ей хвалебные дифирамбы пишут,0
все закономерно  она выглядит как климактеричка  у которой бешенство матки,1
но  кроме старых пердунов она нахуй никому не нужна,1
я бы такую хрюшу уволил бы нахуй,1
щас бы блядь по фото в фейсбуках и коврам людей выбирать,0
вот прямо мгновенно бы выпиздил нахуй на мороз  говно ебанное  которое вред приносит  вместо того  чтобы пользу приносить  за что ей и платят в принципе,0
мимо дирехторпроиграла,0
какой ты директор,0
ты омежка  который стреляет по мамке и быдлу за окном из невидимых пистолетов,0
чел  ты несешь хуйню  это их личные фото в пейсбуке  че хотят  то и выставляют,0
потоньше,0
хрюша баба с фамилией ёлкин из эстонии копается в резюме сисадминови кому на это все не поебать,1
ёлкин  я тоже с этой фамилии проиграл кстати,0
у неё там ещё джава вротэнды,0
свадебные фото тебя отвлекаюттут то все правильно  семейно положение указано в тексте  а резюме это не профиль в соцсетях  фото должно быть соответствующее  без лишних людей как минимум,0
ты с женой что ли работать будешь,0
потом что за нах  единственен приличное фото со свадьбы только,0
в ебаной эстонии у нее могут быть хоть разгонятели нейтронов без коллайдера,0
кого это ебет  повторяю,0
чел  если хрюша заворачивает потенциального кандидата в погроммисты  которому не с людьми на ресепшне общаться  заворачивает не по набору его качеств  нужных для работы  а по фото с ковром в пейсбуке  то она не просто некомпетентна  она приносит вред вместо пользы и прожирает ресурсы компании,1
у меня только один вопрос: а кто и зачем к резюме фото прикрепляет,0
это какая то чисто эстонская фишка,0
как же горит с этих резюме,0
ты будешь работать или выпездываться с этими ебаными резюме,1
вывод таков: хорошая фирма та  в которой похуй на резюме,0
речь идет о других программистах,0
программисты что пишет код  отдает другому тот дописывает  потом третий  потом четвертый  так что ли,0
чтобы каждый не лепил свою дуду  общие вопросы оговариваются заранее,0
лол  гречневый разнорабочий порвался,0
ну так не рвись,0
держи себя в руках,0
ок  вот она отобрала 5 кандидатов по опыту и навыкам и дает эти 5 резюме начальнику  ей пофиг на ковры,0
а начальник возьмет ковровому кандидату поставит в конец списка  т,0
е,0
звонить  если 4 откажутся,0
поясняю для долбоебов,1
эта баба работает в фирме  пытающейся продавать чужие резюме,0
вся ее деятельность   найти резюме на каком нибудь хх,0
ру  привести чувака за ручку в компанию  которая разместила вакансии на том же хх,0
ру  и взять деньги с обеих сторон,0
поскольку  очевидно  такая деятельность не сильно востребована  ей приходится собирать семинары и конференции  где она продает свой еблет под соусом  смотрите  какая я охуенная  дайте мне денег,1
вся эта хуйня сродни зумершам из тиктока,1
обращать на них внимание довольно странно,0
у меня только один вопрос: а кто и зачем к резюме фото прикрепляет,0
резюме без фото не рассматриваемопыт работы по трудовой книжке программистом 1 категории строгокрасный диплом строго,0
я серьезный вопрос задал,0
твои маняфантазии неуместны,1
привести чувака за ручку в компаниюкомпания может у нее заказать услуги по подбору,0
кому то так удобнее  чем держать свой штат нахлебников,0
резюме без фото посмотрят в последнюю очередь,0
ты будешь работать или выпездываться с этими ебаными резюме,1
если у человека не хватает ума составить более менее грамотное резюме и прикрепить нормальное фото  а не с котом у ковра  то с чего стоит полагать  что он сможет нормально выполнят трудовые обязанности,0
он с простейшими  базовыми вещами справится не может,0
что за бред ты несешь,1
ты блядь шебм в оп посте смотрел,1
мы конкретно об этом,0
профессионалу hr должно быть насрать какие фото у поциента в пейсбуке  его софт скилы проверяются на живом собеседовании и на испытательном сроке,0
хочет котиков  хочет ковры   его дело,0
пусть хоть фотки в коме с бухалова выставляет и цитатки с удава   не ее собачье блядь дело вообще  она нахуй не бойфренда себе выбирает  пизда некомпетентная  заигравшаяся в вахтера  ее задача   найти сотрудника компании  наиболее эффективного за определенный бюджет и в краткие сроки,0
а че там ей ковры не нравится или блядь котики   никого ваще ебать не должно,1
профессионал именно что должен от этого всего абстрагироваться  я еще раз напоминаю   идет поиск сотрудника  а не ебаря хрюши в тиндере,0
и положительная рекомендация по месту жительства обязательно,0
компания может у нее заказать услуги по подбору,0
компания имбецилов   может,0
хочешь ли ты работать в компании имбецилов,0
если нормальная компания аутсорсит подбор персонала  она  компания  сперва убедится в компетентности того  кому она аутсорсит,0
заставит сплясать с используемыми методиками и протестирует на паре тройке позиций,0
очевидно  что как только эта дурочка расскажет  ну  вот нам с девочками не понравилась фотка   ее сразу пошлют на хуй,1
твое резюме не посмотрят вообще  потому что ты не в состоянии прочесть несколько слов,0
зато любишь срать ртом,1
на картинке рекрутинг,0
проиграл  а ведь действительно,0
что за бред ты несешь,0
ты блядь шебм в оп посте смотрел,0
это гипотетическая ситуация  когда эйчару похуй на фотки   только компетенции,0
все равно есть начальник  который и на фото посмотрит и другие свои симпатии проявит  например  100% он возьмет кандидата из вуза  где сам учился при прочих равных достоинствах  хотя эйчару перечислил список вузов  которые подходят,0
если для тебя прикрепление фото к резюме эстонская фишка  то ты скорее всего безработный вот уже лет 15,0
чувак на фоне ковра расчитывал  что оценивать будут его профессиональные качества  а не талант его фотографа,0
фото нужно только для того  чтобы кадровичке было проще встретить тебя в фойе,0
буду пожалуй впредь тоже ставить фотку на фоне ковра  чтобы не тратить свое время на тупых пезд,0
ну а у hr есть личное дело   брать или не брать кандидата,0
если предполагается командная работа  от от программиста требуется некий минимальный набор софт скиллов,0
нет  не соблазнять в день по 10 тянок  а просто неотталкивающе выглядеть,0
иногда стричься  мыться чаще раза в неделю  одеваться не в лохмотья,0
это всё доступно любому  если он не инвалид с дцп,0
не нужно иметь рост 2,0
5 метра  член полметра и чадовскую челюсть,0
фото точно также показывает осознание и принятий базовых принципов социума,0
не требуется делать фото на фоне эльфеевой башни или в салоне личного бизнес джета,0
не требуется носить костюм от гуччи,0
но элементарная аккуратность вида  приятно подобранный фон,0
это вопрос траты получаса вместо одной минуты,0
если чел не смог раз в жизни потратить полчаса на нормальное фото  то есть хороший шанс  что тратить суммарно пару часов в неделю на душ он тем более не осилит,0
и в каком месте айти приближено к бизнесу  долбоеб,1
в программисте главное это хард скилы  и пусть он даже внешне выглядит как бомж и воняет перегаром  все равно при найме у него будет преимущество перед вылизанным сойбоем со сквозняком к черепной коробке,0
стартап лид фидбек спринты митинги дейликабанчик  ты хули то в треде похрюкиваешь,1
у тебя там через 5 минут брйек заканчивается  давай пиздуй,1
замотался парнишка,0
большей хуеты еще не видел,1
ну а у hr есть личное дело   брать или не брать кандидата,0
это не личное дело  это профессиональная обязанность,0
если она возьмет социального альфача  который будет говнокодить вместо омежкина  рожденного  чтобы кодить   она принесет фирме ущерб  вполне себе финансовый,0
есть профессиональное соответствие  именно его должны оценивать в первую очередь,0
а своей женской хуйней пусть в свободное время занимается,1
но ведь фото были не в фейсбуке  а в резюме,0
профессионалу hr должно быть насрать какие фото у поциента в пейсбуке  его софт скилы проверяются на живом собеседовании и на испытательном сроке,0
хочет котиков  хочет ковры   его дело,0
пусть хоть фотки в коме с бухалова выставляет и цитатки с удава   не ее собачье блядь дело вообще  она нахуй не бойфренда себе выбирает  пизда некомпетентная  заигравшаяся в вахтеране бомби  омеж,1
теперь что  каждое быдло с фотографиями с бухалова и шутками в резюме звать на собеседование,1
продублирую:если у человека не хватает ума составить более менее грамотное резюме и прикрепить нормальное фото  а не с котом у ковра  то с чего стоит полагать  что он сможет нормально выполнят трудовые обязанности,0
он с простейшими  базовыми вещами справится не может,0
это самый начальный этап отбора,0
тут и решается пойдет ли дальше твоё резюме,0
если человек этого не понимает  то он либо настолько преисполнился и перешел на иное состояние бытия  либо просто дегенерат,0
и не важно кодит ли он с пеленок  или мастер изготовления стеклянных дилдо,1
пиздеееец,0
как так  анон  что за рак хр отрасли,0
ониж трансконтинентальные нахуй  гоустинг после собеседований ебанутые вопросы  а теперь и прямое подтверждение  что хр оценивает самцовость а не навыки,0
да мне насрать на твои гипотетические ситуации и прочие твои маневры сракой,1
конкретно эта хрюша   хуита некомпетентная  показывающая нулевую компетенцию  еще и заигравшаяся при выборе сотрудника  попутав с выбором себе ебыря в тиндере,1
ковры блядь ей не нравятся в пейсбуке  ну охуеть,1
а мне всратые типа нее не нравятся,1
жирные всратые пезды,1
но заикнись я  что не буду таких брать   визга будет ояебал,1
но я  к счастью  не такая тупая пизда  у меня помощник руководителя   довольно всратая тяночка еще и жирноватая,1
секретарь  правда  няшная  но так случайно вышло  не выбирал по внешности,0
так вот  повторюсь: прикинь  что я показываю фото этой пизды и проигрываю мол nonononono   ты прикинь  какой визг бы поднялся,1
а пизда вполне себе нормально доебывается до фото в песбуке ссаном типа ковер  котэ или слишком далеко сел мол  вот лох  фоткаться не умеет    ну это блядь пиздец нахуй,1
я реально охуеваю  сталкиваясь с подобной вопиющей некомпетентностью  за которую еще и бабки платят  лол,0
не удивительно  что в каждой второй компании все через пизду,0
подобные шлюхи понабирают всякого кабанчикового мусора с подвешенным языком и без мозгов  а сычи со скиллом сосут хуй  потому что у них свитер мамин,1
с котом у коврая и большинство моих коллег  программистов с большим опытом  крайне позитивно бы отнеслись к такой фотографии,0
ведь он такой же как и мы,0
а самоуверенный альфач как на 2 фотке скорее всего будет вести себя как самодовольный мудила,0
и как с таким работать в команде,0
охуеть  тупая пизда  а как ты связал фото с ковром и то  что человек не моется,1
мне даже любопытна твоя логика  долбоеб  проясни  пожалуйста  как фото 1  с ковром 2  с котэ 3  неудачно далеко сидит лох  фоткаться не умеет       вот как эти фото говорят что он не моется или он в лохмотьях или блядь еще что,1
ты долбоеб,1
если она возьмет социального альфача  который будет говнокодить вместо омежкина  рожденного  чтобы кодить   она принесет фирме ущерб  вполне себе финансовый,0
решение кого нанимать принимает не она  а начальник подразделения  куда ищется сотрудник,0
потом этот начальник сам поведет соискателя к своему начальнику  чтобы тот одобрил,0
в чем проблема,0
хрюша привела кандидата  он устроил всех начальников и его наняли  ну а если оказалось  что он говнокодит  то сами виноваты,1
а к 4 ому где чувак с шариком я вообще не понимаю в чём претензия,0
омеж тут только ты  а я сотней людей руковожу,0
мой лук рабочий 400к стоит  а машина   5,0
5 млн  но блядь  я бы выгнал нахуй ту хрюшу  что отказала соискателю на основании наличия у него неудачных по ее мнению фоток в пейсбуке типа ковер  котэ и прочее,1
ну типа пизда проиигрывает шо типа всратенький омежный,1
на себя бы в зеркало взглянула  че,0
крайне позитивно бы отнеслись к такой фотографии,0
ну так обозначь это в требованиях   фото должно быть не банальное постановочное в костюме  а с котом на фоне ковра,0
смотри  хрюша проводит первоначальный отбор,1
если она изначально отсеяла 90% скилловых кандидатов  потому что они не альфачи  а позвала на собесы всяких дебилоидов с красивой внешкой  то техническим собеседующим придется иметь с этим дело,1
и они такими темпами могут искать нужного кандидата месяцами,0
и вот она  такая вся охуенная  каждый раз такой хуйней страдает,1
а вот начальник решает воспользоваться услугами незвисимого рекрутингово агентства  у которого несколько иные критерии отбора,0
и хоба   тут же  за пару недель вся команда укомплектована,0
хрюша  зазывающая альфачей тут же посылается нахуй  а сотрудничество идет с рекрутинговым агентством,1
проблема лишь в том  что начальство не всегда уделяет этому внимание  а у хрюш появляется синдром вахтера,1
а я сотней людей руковожу,0
мой лук рабочий 400к стоит  а машина   5,0
5 млни поэтому ты оправдываешься на анонимном форуме в воскресенье вечером,0
дело ведь не в соблюдении требований  а в личности  в том  как человек себя ведет в тех случаях  когда четких требований нет,0
именно это и показывает  какой на самом деле он человек,0
если она изначально отсеяла 90% скилловых кандидатовтебе не похуй кого она там отсеяла,0
ты требования к кандидату обозначил  обозначил  тебе предоставили n резюме  выбирай из предложенного,0
чтобы время сократить   связывайся сам с каждым и переговаривай  поймешь кого звать на очную встречу,0
ну  в какой то нонейм айти параше  ещё и в нищей приебалтике  тупая пизда сидит и оценивает будущих сотрудников по внешке,1
очевидно  что контора это днищенская и как она там организовывает подбор сотрудников это её внутрикорпоративное дело,1
почему мне должно быть не похуй,0
кабанчики охуенны же,0
они умеют ладить с коллективом и вообще прекольные,0
тебе не похуй кого она там отсеяла,0
если бы я отвечал за проект  конечно же мне не похуй  на кого я буду тратить своё время  блядь,0
я не хочу тратить его впустую  время   деньги  слышал о таком,0
потому что социальные навыки   это тоже навыкиработа   это коллективное мероприятие  где все вынуждены органично с собой сосуществовать,0
если человек не умеет сосуществовать в коллективе  никакая гениальность его не оправдает,0
к тому же  фото   это только первый фильтр  не единственный,0
есть ещё куча других фильтров  проверяющих рабочие навыки на практике  начиная от списка навыков в резюме и заканчивая испытательным сроком,0
talent estoniaкадровое обеспечение и подбор персоналадавайте составим письма ее руководству о её некомпетентности и притеснении кандидатов по внешнему виду,0
если она изначально отсеяла 90% скилловых кандидатов  потому что они не альфачискилловый кандидат  знаток погромирования  знает от и до джаву  хуяву  окуджаву,1
не может написать резюме и сделать нормальное фото на документы в любом салоне  фото на документы,0
а если чэд с спортивным телом но необщительный,0
да засудите её нахуй за херссмент или что там у них на западе,1
а вот начальник решает воспользоваться услугами незвисимого рекрутингово агентстватак там такие же хрюши сидят  которых повыгоняли из за  он мне не понравился,1
т,0
е,0
твой вердикт  что все хрюши   дуры,1
фото для резюме и на документы сильно разные,0
никто не мешает тебе приклеить второе в первое,0
вы че ебанутые на полном серьезе обсуждать ит рекрутеров и вообще кадровичек в целом,1
у нас в компании есть три сука таких тупых пизды  уж до чего моя должность завязана на общение  аналитика  я проджект  но подбирая к нам маркетолога в штат  я был вынужден ебашить каждый сука божий раз в переговорку и сука сидеть и задавать нужные вопросы  потому что эта пизда кроме как   оценила позу  задала вопросики по базе  проверила конфликтность ни хуя не можета еще больший пиздец   я сам искал в фейсбуке кандидатов и они присылали мне резюме  затем норм чуваков я отсылал ей  в надежде что она их запишет и хуй с ним я опять приду и отсобеседую  так как мне в отделони и попадут  но суть сука в том  что я жопу рвал и искал  в день по 20 резюме отчитывал  направлял к ней… смотрю спустя 2 недели тишина  ну думаю похуй  может хуй подзабили  но тут мне пишет один из отобранных мною и пишет  евгений  а когда ждать ответа,1
я думаю блядь  чувак  я же дал контакты и отправил  а он и говорит   я писал  а мне ответа никакого – пиздец моя жопа сгорела нахуй  просто сука взять и потерять резюме… я этой шалаве пишу в общий чат   почему такой то и такой то кандидат не приглашен на собес  знаете каков ответ   у него слабые скиллы и совсем нет мотивации  написал один раз и прислал резюме… блядь  ты серьезно  дура,1
так что эта профессия придадок к нормальной работе  говорящие головы  типо сортировки мусора на пластик и бумагу  не больше  ну а если она и курсы ведет  но по профессии она полный ноль  так что хорошего it кадровика хуй найдешь  да и он обязательно должен быть мужик без заебов и желательно с минимальным понимаем работы и расписания дня прогера  их интересов  разговоров и тд… но чтоб смотреть на ковер блядь  шарик  ебать  она там не тренинг ебарей устроила случайно,1
нет конечно они же набирают сотрудников  те проходят все этапы отбора и долго и плодотворно работают,0
но если тебя не устраивают их методы отбора  то ищи сам себе сотрудников,0
никто не мешает тебе приклеить второе в первое,0
фото из паспорта в резюме создает точно такой же негативный эффект как и фото с ковром,0
не бомби так сильно  омеж,1
это ты начал эти жалкие вскукареки с переходами на личность  не я,1
я сугубо про хрюшу писал  будучи искренне возмущен таким непрофессиональным подходом  о котором она еще и публично рассказывает,1
ну  реально  не хостесс же в стрип клуб набирает  а погроммистов,0
ебет ее как чел выглядит,1
может он отлично умеет в команде работать  исполнителен  сообразителен и профессионален  просто всратый сычик и дотер из консервативной однополой семьи  понять и простить эту фотку с ковром из дома,0
всё с тобой понятно,0
а ведь реально похожа,0
ебет ее как чел выглядит,1
уродство внешнее скрывает уродство внутреннее,1
бля в этих же салонах тебе сделают спокойно фотки для резюме,0
давайте составим письма ее руководству о её некомпетентностиit talent estonia это её контора,0
другие компании платят ей за подбор it сотрудников,0
мимо,0
я сугубо про хрюшу писал  будучи искренне возмущен таким непрофессиональным подходом  о котором она еще и публично рассказывает,1
ну  реально  не хостесс же в стрип клуб набирает  а погроммистов,0
ебет ее как чел выглядит,1
может он отлично умеет в команде работать  исполнителен  сообразителен и профессионален  просто всратый сычик и дотер из консервативной однополой семьи  понять и простить эту фотку с ковром из дома,0
когда много работаешь с людьми  то уже по манере письма речи фотографии уже можно сделать вывод о человеке,0
ты всерьез считаешь  что славик отлично умеет в команде работать  исполнителен  сообразителен и профессионален,0
фото многое говорит о человеке,0
весь психологический профиль славика был составлен задолго до звонка,0
лишь по одним фото и странице вк был сделал вывод  который лишь подтвердился звонком ему,0
тогда жалуемся на ее профиль в линкедине  т,0
к профиль тащемто ее кормит и добиваемся блокировки со стороны линкедина,0
threadтак хрюша докатится до того  что на работу будут проходить только брюнеты  ибо  блондины ей не нравятся    блядь  сколько ж мозгов надо иметь  чтобы такое запрягать всерьез на камеру,1
нет бы сказать  я то профессионал  мне похуй на фото с коврами  я спец по кадрам  а не тупая пизда  но среди хрюш к сожалению много некомпетентных тупых пезд вахтерш  потому фото в соц сеточках надо получше  чтобы понравится дебиловатой хрюше,0
это я бы понял,0
но вот так просто расписываться в некомпетентности   это пиздос,0
мы вам перезвоним,0
кароче добавьте в шапку потомчтобы аноны кидали репорты на её профиль за харассмент,0
хорошая идея,0
кто владеет английским,0
this,0
у вас там в айти какой то маразм,1
какие то резюмы  софтскиллы  вроде задротская профессия а требуют скиллы социокабанчика,1
сам работаю инженером химиком  у нас таких заёбов никогда не было,0
нету никаких резюме  фото и прочего,0
тупо видишь вакансию и сразу звонишь своему будущему начальнику,0
говоришь что да есть образование  да есть опыт  да с такими то анализами знаком,0
приходишь в кадры чисто чтобы дать бумажки далее тебя уже твой будущий начальник инструктирует показывает что к чему,0
у нас всё просто  да и на многих работах так  только в айти какая то бешенная гонка с этими резюме  митапами и прочей порашей,0
нельзя там спокойно работать  нельзя,0
интересно юлия ёлкин потом высрется по поводу траленга двачеров,1
бамп,0
да щас вечер  уже бесполезно,0
завтра днём часов с 11 ти утра если что пересоздай и побампай ну или я это сделаю,0
вас наверно кто то обидел,0
не все женщины такие,0
не дают вот и бесятся нищенки тупые,1
мне вас жаль,0
настоящий мужчина должен,0
женонеавистник,0
задроты комнатные вам не дают и вы сидите на мамкиной шее вот и беситесьда думаю если что то и высрет то будет в таком духе,1
мде  некомпитентная шалава,1
