6ля, 1
 6лядь, 1
 6лять, 1
 b3ъeб, 1
 cock, 1
 cunt, 1
 e6aль, 1
 ebal, 1
 eblan, 1
 eбaл, 1
 eбaть, 1
 eбyч, 1
 eбать, 1
 eбёт, 1
 eблантий, 1
 fuck, 1
 fucker, 1
 fucking, 1
 xyёв, 1
 xyй, 1
 xyя, 1
 xуе, 1
xуй, 1
 xую, 1
 zaeb, 1
 zaebal, 1
 zaebali, 1
 zaebat, 1
 архипиздрит, 1
 ахуел, 1
 ахуеть, 1
 бздение, 1
 бздеть, 1
 бздех, 1
 бздецы, 1
 бздит, 1
 бздицы, 1
 бздло, 1
 бзднуть, 1
 бздун, 1
 бздунья, 1
 бздюха, 1
 бздюшка, 1
 бздюшко, 1
 бля, 1
 блябу, 1
 блябуду, 1
 бляд, 1
 бляди, 1
 блядина, 1
 блядище, 1
 блядки, 1
 блядовать, 1
 блядство, 1
 блядун, 1
 блядуны, 1
 блядунья, 1
 блядь, 1
 блядюга, 1
 блять, 1
 вафел, 1
 вафлёр, 1
 взъебка, 1
 взьебка, 1
 взьебывать, 1
 въеб, 1
 въебался, 1
 въебенн, 1
 въебусь, 1
 въебывать, 1
 выблядок, 1
 выблядыш, 1
 выеб, 1
 выебать, 1
 выебен, 1
 выебнулся, 1
 выебон, 1
 выебываться, 1
 выпердеть, 1
 высраться, 1
 выссаться, 1
 вьебен, 1
 гавно, 1
 гавнюк, 1
 гавнючка, 1
 гамно, 1
 гандон, 1
 гнид, 1
 гнида, 1
 гниды, 1
 говенка, 1
 говенный, 1
 говешка, 1
 говназия, 1
 говнецо, 1
 говнище, 1
 говно, 1
 говноед, 1
 говнолинк, 1
 говночист, 1
 говнюк, 1
 говнюха, 1
 говнядина, 1
 говняк, 1
 говняный, 1
 говнять, 1
 гондон, 1
 доебываться, 1
 долбоеб, 1
 долбоёб, 1
 долбоящер, 1
 дрисня, 1
 дрист, 1
 дристануть, 1
 дристать, 1
 дристун, 1
 дристуха, 1
 дрочелло, 1
 дрочена, 1
 дрочила, 1
 дрочилка, 1
 дрочистый, 1
 дрочить, 1
 дрочка, 1
 дрочун, 1
 е6ал, 1
 е6ут, 1
 еб твою мать, 1
 ёб твою мать, 1
 ёбaн, 1
 ебaть, 1
 ебyч, 1
 ебал, 1
 ебало, 1
 ебальник, 1
 ебан, 1
 ебанамать, 1
 ебанат, 1
 ебаная, 1
 ёбаная, 1
 ебанический, 1
 ебанный, 1
 ебанныйврот, 1
 ебаное, 1
 ебануть, 1
 ебануться, 1
 ёбаную, 1
 ебаный, 1
 ебанько, 1
 ебарь, 1
 ебат, 1
 ёбат, 1
 ебатория, 1
 ебать, 1
 ебать-копать, 1
 ебаться, 1
 ебашить, 1
 ебёна, 1
 ебет, 1
 ебёт, 1
 ебец, 1
 ебик, 1
 ебин, 1
 ебись, 1
 ебическая, 1
 ебки, 1
 ебла, 1
 еблан, 1
 ебливый, 1
 еблище, 1
 ебло, 1
 еблыст, 1
 ебля, 1
 ёбн, 1
 ебнуть, 1
 ебнуться, 1
 ебня, 1
 ебошить, 1
 ебская, 1
 ебский, 1
 ебтвоюмать, 1
 ебун, 1
 ебут, 1
 ебуч, 1
 ебуче, 1
 ебучее, 1
 ебучий, 1
 ебучим, 1
 ебущ, 1
 ебырь, 1
 елда, 1
 елдак, 1
 елдачить, 1
 жопа, 1
 жопу, 1
 заговнять, 1
 задрачивать, 1
 задристать, 1
 задрота, 1
 зае6, 1
 заё6, 1
 заеб, 1
 заёб, 1
 заеба, 1
 заебал, 1
 заебанец, 1
 заебастая, 1
 заебастый, 1
 заебать, 1
 заебаться, 1
 заебашить, 1
 заебистое, 1
 заёбистое, 1
 заебистые, 1
 заёбистые, 1
 заебистый, 1
 заёбистый, 1
 заебись, 1
 заебошить, 1
 заебываться, 1
 залуп, 1
 залупа, 1
 залупаться, 1
 залупить, 1
 залупиться, 1
 замудохаться, 1
 запиздячить, 1
 засерать, 1
 засерун, 1
 засеря, 1
 засирать, 1
 засрун, 1
 захуячить, 1
 заябестая, 1
 злоеб, 1
 злоебучая, 1
 злоебучее, 1
 злоебучий, 1
 ибанамат, 1
 ибонех, 1
 изговнять, 1
 изговняться, 1
 изъебнуться, 1
 ипать, 1
 ипаться, 1
 ипаццо, 1
 какдвапальцаобоссать, 1
 конча, 1
 курва, 1
 курвятник, 1
 лох, 1
 лошарa, 1
 лошара, 1
 лошары, 1
 лошок, 1
 лярва, 1
 малафья, 1
 манда, 1
 мандавошек, 1
 мандавошка, 1
 мандавошки, 1
 мандей, 1
 мандень, 1
 мандеть, 1
 мандища, 1
 мандой, 1
 манду, 1
 мандюк, 1
 минет, 1
 минетчик, 1
 минетчица, 1
 млять, 1
 мокрощелка, 1
 мокрощёлка, 1
 мразь, 1
 мудak, 1
 мудaк, 1
 мудаг, 1
 мудак, 1
 муде, 1
 мудель, 1
 мудеть, 1
 муди, 1
 мудил, 1
 мудила, 1
 мудистый, 1
 мудня, 1
 мудоеб, 1
 мудозвон, 1
 мудоклюй, 1
 на хер, 1
 на хуй, 1
 набздел, 1
 набздеть, 1
 наговнять, 1
 надристать, 1
 надрочить, 1
 наебать, 1
 наебет, 1
 наебнуть, 1
 наебнуться, 1
 наебывать, 1
 напиздел, 1
 напиздели, 1
 напиздело, 1
 напиздили, 1
 насрать, 1
 настопиздить, 1
 нахер, 1
 нахрен, 1
 нахуй, 1
 нахуйник, 1
 не ебет, 1
 не ебёт, 1
 невротебучий, 1
 невъебенно, 1
 нехира, 1
 нехрен, 1
 нехуй, 1
 нехуйственно, 1
 ниибацо, 1
 ниипацца, 1
 ниипаццо, 1
 ниипет, 1
 никуя, 1
 нихера, 1
 нихуя, 1
 обдристаться, 1
 обосранец, 1
 обосрать, 1
 обосцать, 1
 обосцаться, 1
 обсирать, 1
 объебос, 1
 обьебать обьебос, 1
 однохуйственно, 1
 опездал, 1
 опизде, 1
 опизденивающе, 1
 остоебенить, 1
 остопиздеть, 1
 отмудохать, 1
 отпиздить, 1
 отпиздячить, 1
 отпороть, 1
 отъебись, 1
 охуевательский, 1
 охуевать, 1
 охуевающий, 1
 охуел, 1
 охуенно, 1
 охуеньчик, 1
 охуеть, 1
 охуительно, 1
 охуительный, 1
 охуяньчик, 1
 охуячивать, 1
 охуячить, 1
 очкун, 1
 падла, 1
 падонки, 1
 падонок, 1
 паскуда, 1
 педерас, 1
 педик, 1
 педрик, 1
 педрила, 1
 педрилло, 1
 педрило, 1
 педрилы, 1
 пездень, 1
 пездит, 1
 пездишь, 1
 пездо, 1
 пездят, 1
 пердануть, 1
 пердеж, 1
 пердение, 1
 пердеть, 1
 пердильник, 1
 перднуть, 1
 пёрднуть, 1
 пердун, 1
 пердунец, 1
 пердунина, 1
 пердунья, 1
 пердуха, 1
 пердь, 1
 переёбок, 1
 пернуть, 1
 пёрнуть, 1
 пи3д, 1
 пи3де, 1
 пи3ду, 1
 пиzдец, 1
 пидар, 1
 пидарaс, 1
 пидарас, 1
 пидарасы, 1
 пидары, 1
 пидор, 1
 пидорасы, 1
 пидорка, 1
 пидорок, 1
 пидоры, 1
 пидрас, 1
 пизда, 1
 пиздануть, 1
 пиздануться, 1
 пиздарваньчик, 1
 пиздато, 1
 пиздатое, 1
 пиздатый, 1
 пизденка, 1
 пизденыш, 1
 пиздёныш, 1
 пиздеть, 1
 пиздец, 1
 пиздит, 1
 пиздить, 1
 пиздиться, 1
 пиздишь, 1
 пиздища, 1
 пиздище, 1
 пиздобол, 1
 пиздоболы, 1
 пиздобратия, 1
 пиздоватая, 1
 пиздоватый, 1
 пиздолиз, 1
 пиздонутые, 1
 пиздорванец, 1
 пиздорванка, 1
 пиздострадатель, 1
 пизду, 1
 пиздуй, 1
 пиздун, 1
 пиздунья, 1
 пизды, 1
 пиздюга, 1
 пиздюк, 1
 пиздюлина, 1
 пиздюля, 1
 пиздят, 1
 пиздячить, 1
 писбшки, 1
 писька, 1
 писькострадатель, 1
 писюн, 1
 писюшка, 1
 по хуй, 1
 по хую, 1
 подговнять, 1
 подонки, 1
 подонок, 1
 подъебнуть, 1
 подъебнуться, 1
 поебать, 1
 поебень, 1
 поёбываает, 1
 поскуда, 1
 посрать, 1
 потаскуха, 1
 потаскушка, 1
 похер, 1
 похерил, 1
 похерила, 1
 похерили, 1
 похеру, 1
 похрен, 1
 похрену, 1
 похуй, 1
 похуист, 1
 похуистка, 1
 похую, 1
 придурок, 1
 приебаться, 1
 припиздень, 1
 припизднутый, 1
 припиздюлина, 1
 пробзделся, 1
 проблядь, 1
 проеб, 1
 проебанка, 1
 проебать, 1
 промандеть, 1
 промудеть, 1
 пропизделся, 1
 пропиздеть, 1
 пропиздячить, 1
 раздолбай, 1
 разхуячить, 1
 разъеб, 1
 разъеба, 1
 разъебай, 1
 разъебать, 1
 распиздай, 1
 распиздеться, 1
 распиздяй, 1
 распиздяйство, 1
 распроеть, 1
 сволота, 1
 сволочь, 1
 сговнять, 1
 секель, 1
 серун, 1
 серька, 1
 сестроеб, 1
 сикель, 1
 сила, 1
 сирать, 1
 сирывать, 1
 соси, 1
 спиздел, 1
 спиздеть, 1
 спиздил, 1
 спиздила, 1
 спиздили, 1
 спиздит, 1
 спиздить, 1
 срака, 1
 сраку, 1
 сраный, 1
 сранье, 1
 срать, 1
 срун, 1
 ссака, 1
 ссышь, 1
 стерва, 1
 страхопиздище, 1
 сука, 1
 суки, 1
 суходрочка, 1
 сучара, 1
 сучий, 1
 сучка, 1
 сучко, 1
 сучонок, 1
 сучье, 1
 сцание, 1
 сцать, 1
 сцука, 1
 сцуки, 1
 сцуконах, 1
 сцуль, 1
 сцыха, 1
 сцышь, 1
 съебаться, 1
 сыкун, 1
 трахае6, 1
 трахаеб, 1
 трахаёб, 1
 трахатель, 1
 ублюдок, 1
 уебать, 1
 уёбища, 1
 уебище, 1
 уёбище, 1
 уебищное, 1
 уёбищное, 1
 уебк, 1
 уебки, 1
 уёбки, 1
 уебок, 1
 уёбок, 1
 урюк, 1
 усраться, 1
 ушлепок, 1
 х_у_я_р_а, 1
 хyё, 1
 хyй, 1
 хyйня, 1
 хамло, 1
 хер, 1
 херня, 1
 херовато, 1
 херовина, 1
 херовый, 1
 хитровыебанный, 1
 хитрожопый, 1
 хуeм, 1
 хуе, 1
 хуё, 1
 хуевато, 1
 хуёвенький, 1
 хуевина, 1
 хуево, 1
 хуевый, 1
 хуёвый, 1
 хуек, 1
 хуёк, 1
 хуел, 1
 хуем, 1
 хуенч, 1
 хуеныш, 1
 хуенький, 1
 хуеплет, 1
 хуеплёт, 1
 хуепромышленник, 1
 хуерик, 1
 хуерыло, 1
 хуесос, 1
 хуесоска, 1
 хуета, 1
 хуетень, 1
 хуею, 1
 хуи, 1
 хуй, 1
 хуйком, 1
 хуйло, 1
 хуйня, 1
 хуйрик, 1
 хуище, 1
 хуля, 1
 хую, 1
 хуюл, 1
 хуя, 1
 хуяк, 1
 хуякать, 1
 хуякнуть, 1
 хуяра, 1
 хуясе, 1
 хуячить, 1
 целка, 1
 чмо, 1
 чмошник, 1
 чмырь, 1
 шалава, 1
 шалавой, 1
 шараёбиться, 1
 шлюха, 1
 шлюхой, 1
 шлюшка, 1
 ябывает, 1
