сказки корнея чуковского , 0
айболит, 0
  добрый доктор айболит, 0
  он под деревом сидит, 0
  приходи к нему лечиться, 0
  и корова, 0
 и волчица, 0
  и жучок, 0
 и червячок, 0
  и медведица, 0
  всех излечит, 0
 исцелит, 0
  добрый доктор айболит, 0
  и пришла к айболиту лиса:, 0
   ой, 0
 меня укусила оса, 0
  и пришёл к айболиту барбос:, 0
   меня курица клюнула в нос, 0
  и прибежала зайчиха, 0
  и закричала:  ай, 0
 ай, 0
  мой зайчик попал под трамвай, 0
  мой зайчик, 0
 мой мальчик, 0
  попал под трамвай, 0
  он бежал по дорожке, 0
  и ему перерезало ножки, 0
  и теперь он больной и хромой, 0
  маленький заинька мой, 0
  и сказал айболит:  не беда, 0
  подавай-ка его сюда, 0
  я пришью ему новые ножки, 0
  он опять побежит по дорожке , 0
  и принесли к нему зайку, 0
  такого больного, 0
 хромого, 0
  и доктор пришил ему ножки, 0
  и заинька прыгает снова, 0
  а с ним и зайчиха-мать, 0
  тоже пошла танцевать, 0
  и смеётся она и кричит:, 0
   ну, 0
 спасибо тебе, 0
 айболит, 0
  вдруг откуда-то шакал, 0
  на кобыле прискакал:, 0
   вот вам телеграмма, 0
  от гиппопотама, 0
   приезжайте, 0
 доктор, 0
  в африку скорей, 0
  и спасите, 0
 доктор, 0
  наших малышей, 0
   что такое, 0
 неужели, 0
  ваши дети заболели, 0
   да-да-да, 0
 у них ангина, 0
  скарлатина, 0
 холерина, 0
  дифтерит, 0
 аппендицит, 0
  малярия и бронхит, 0
  приходите же скорее, 0
  добрый доктор айболит, 0
   ладно, 0
 ладно, 0
 побегу, 0
  вашим детям помогу, 0
  только где же вы живёте, 0
  на горе или в болоте, 0
   мы живём на занзибаре, 0
  в калахари и сахаре, 0
  на горе фернандо-по, 0
  где гуляет гиппопо, 0
  по широкой лимпопо , 0
  и встал айболит, 0
 побежал айболит, 0
  по полям, 0
 по лесам, 0
 по лугам он бежит, 0
  и одно только слово твердит айболит:, 0
   лимпопо, 0
 лимпопо, 0
 лимпопо, 0
  а в лицо ему ветер, 0
 и снег, 0
 и град:, 0
   эй, 0
 айболит, 0
 воротися назад, 0
  и упал айболит и лежит на снегу:, 0
   я дальше идти не могу , 0
  и сейчас же к нему из-за ёлки, 0
  выбегают мохнатые волки:, 0
   садись, 0
 айболит, 0
 верхом, 0
  мы живо тебя довезём, 0
  и вперёд поскакал айболит, 0
  и одно только слово твердит:, 0
   лимпопо, 0
 лимпопо, 0
 лимпопо, 0
  но вот перед ними море, 0
  бушует, 0
 шумит на просторе, 0
  а в море высокая ходит волна, 0
  сейчас айболита проглотит она, 0
   о, 0
 если я утону, 0
  если пойду я ко дну, 0
  что станется с ними, 0
 с больными, 0
  с моими зверями лесными, 0
  но тут выплывает кит;, 0
   садись на меня, 0
 айболит, 0
  и, 0
 как большой пароход, 0
  тебя повезу я вперед, 0
  и сел на кита айболит, 0
  и одно только слово твердит:, 0
   лимпопо, 0
 лимпопо, 0
 лимпопо, 0
  и горы встают перед ним на пути, 0
  и он по горам начинает ползти, 0
  а горы всё выше, 0
 а горы всё круче, 0
  а горы уходят под самые тучи, 0
   о, 0
 если я не дойду, 0
  если в пути пропаду, 0
  что станется с ними, 0
 с больными, 0
  с моими зверями лесными, 0
  и сейчас же с высокой скалы, 0
  к айболиту слетели орлы:, 0
   садись, 0
 айболит, 0
 верхом, 0
  мы живо тебя довезём, 0
  и сел на орла айболит, 0
  и одно только слово твердит:, 0
   лимпопо, 0
 лимпопо, 0
 лимпопо, 0
  а в африке, 0
  а в африке, 0
  на чёрной лимпопо, 0
  сипит и плачет, 0
  в африке, 0
  печальный гиппопо, 0
  он в африке, 0
 он в африке, 0
  под пальмою сидит, 0
  и на море из африки, 0
  без отдыха глядит:, 0
  не едет ли в кораблике, 0
  доктор айболит, 0
  и рыщут по дороге, 0
  слоны и носороги, 0
  и говорят сердито:, 0
   что ж нету айболита, 0
  а рядом бегемотики, 0
  схватились за животики:, 0
  у них, 0
 у бегемотиков, 0
  животики болят, 0
  и тут же страусята, 0
  визжат, 0
 как поросята, 0
  ах, 0
 жалко, 0
 жалко, 0
 жалко, 0
  бедных страусят, 0
  и корь, 0
 и дифтерит у них, 0
  и оспа, 0
 и бронхит у них, 0
  и голова болит у них, 0
  и горлышко болит, 0
  они лежат и бредят:, 0
   ну что же он не едет, 0
  ну что же он не едет, 0
  доктор айболит, 0
  а рядом прикорнула, 0
  зубастая акула, 0
  зубастая акула, 0
  на солнышке лежит, 0
  ах, 0
 у её малюток, 0
  у бедных акулят, 0
  уже двенадцать суток, 0
  зубки болят, 0
  и вывихнуто плечико, 0
  у бедного кузнечика;, 0
  не прыгает, 0
 не скачет он, 0
  а горько-горько плачет он, 0
  и доктора зовёт:, 0
   о, 0
 где же добрый доктор, 0
  когда же он придёт, 0
  нo вот, 0
 поглядите, 0
 какая-то птица, 0
  всё ближе и ближе по воздуху мчится, 0
  на птице, 0
 глядите, 0
 сидит айболит, 0
  и шляпою машет и громко кричит:, 0
   да здравствует милая африка, 0
  и рада и счастлива вся детвора:, 0
   приехал, 0
 приехал, 0
 ура, 0
 ура, 0
  а птица над ними кружится, 0
  а птица на землю садится, 0
  и бежит айболит к бегемотикам, 0
  и хлопает их по животикам, 0
  и всем по порядку, 0
  даёт шоколадку, 0
  и ставит и ставит им градусники, 0
  и к полосатым, 0
  бежит он тигрятам, 0
  и к бедным горбатым, 0
  больным верблюжатам, 0
  и каждого гоголем, 0
  каждого моголем, 0
  гоголем-моголем, 0
  гоголем-моголем, 0
  гоголем-моголем пот чует, 0
  десять ночей айболит, 0
  не ест, 0
 не пьёт и не спит, 0
  десять ночей подряд, 0
  он лечит несчастных зверят, 0
  и ставит и ставит им градусники, 0
  вот и вылечил он их, 0
  лимпопо, 0
  вот и вылечил больных, 0
  лимпопо, 0
  и пошли они смеяться, 0
  лимпопо, 0
  и плясать и баловаться, 0
  лимпопо, 0
  и плясать и баловаться, 0
  лимпопо, 0
  и акула каракула, 0
  правым глазом подмигнула, 0
  и хохочет, 0
 и хохочет, 0
  будто кто её щекочет, 0
  а малютки бегсмотики, 0
  ухватились за животики, 0
  и смеются, 0
 заливаются  , 0
  так, 0
 что дубы сотрясаются, 0
  вот и гиппо, 0
 вот и попо, 0
  гиппо-попо, 0
 гиппо-попо, 0
  вот идёт гиппопотам, 0
  он идёт от занзибара, 0
  он идёт к килиманджаро  , 0
  и кричит он, 0
 и поёт он:, 0
   слава, 0
 слава айболиту, 0
  слава добрым докторам, 0
тараканище, 0
часть первая, 0
  ехали медведи, 0
  на велосипеде, 0
  а за ними кот, 0
  задом наперёд, 0
  а за ним комарики, 0
  на воздушном шарике, 0
  а за ними раки, 0
  на хромой собаке, 0
  волки на кобыле, 0
  львы в автомобиле, 0
  зайчики, 0
  в трамвайчике, 0
  жаба на метле…, 0
  едут и смеются, 0
  пряники жуют, 0
  вдруг из подворотни, 0
  страшный великан, 0
  рыжий и усатый, 0
  та-ра-кан, 0
  таракан, 0
 таракан, 0
 тараканище, 0
  он рычит, 0
 и кричит, 0
  и усами шевелит:, 0
   погодите, 0
 не спешите, 0
  я вас мигом проглочу, 0
  проглочу, 0
 проглочу, 0
 не помилую , 0
  звери задрожали, 0
  в обморок упали, 0
  волки от испуга, 0
  скушали друг друга, 0
  бедный крокодил, 0
  жабу проглотил, 0
  а слониха, 0
 вся дрожа, 0
  так и села на ежа, 0
  только раки-забияки, 0
  не боятся бою-драки;, 0
  хоть и пятятся назад, 0
  но усами шевелят, 0
  и кричат великану усатому:, 0
   не кричи и не рычи, 0
  мы и сами усачи, 0
  можем мы и сами, 0
  шевелить усами, 0
  и назад ещё дальше попятились, 0
  и сказал гиппопотам, 0
  крокодилам и китам:, 0
   кто злодея не боится, 0
  и с чудовищем сразится, 0
  я тому богатырю, 0
  двух лягушек подарю, 0
  и еловую шишку пожалую, 0
   не боимся мы его, 0
  великана твоего:, 0
  мы зубами, 0
  мы клыками, 0
  мы копытами его, 0
  и весёлою гурьбой, 0
  звери кинулися в бой, 0
  но, 0
 увидев усача, 0
   ай-ай-ай, 0
  звери дали стрекача, 0
   ай-ай-ай, 0
  по лесам, 0
 но полям разбежалися:, 0
  тараканьих усов испугалися, 0
  и вскричал гиппопотам:, 0
   что за стыд, 0
 что за срам, 0
  эй, 0
 быки и носороги, 0
  выходите из берлоги, 0
  и врага, 0
  на рога, 0
  поднимите-ка, 0
но быки и носороги, 0
отвечают из берлоги:, 0
 мы врага бы, 0
на рога бы, 0
только шкура дорога, 0
и рога нынче тоже не дёшевы , 0
  и сидят и дрожат под кусточками, 0
  за болотными прячутся кочками, 0
  крокодилы в крапиву забилися, 0
  и в канаве слоны схоронилися, 0
  только и слышно, 0
 как зубы стучат, 0
  только и видно, 0
 как уши дрожат, 0
  а лихие обезьяны, 0
   подхватили чемоданы, 0
  и скорее со всех ног, 0
  наутёк, 0
  и акула, 0
  увильнула, 0
  только хвостиком махнула, 0
  а за нею каракатица  , 0
  так и пятится, 0
  так и катится, 0
часть вторая, 0
  boт и стал таракан победителем, 0
  и лесов и полей повелителем, 0
  покорилися звери усатому, 0
   чтоб ему провалиться, 0
 проклятому, 0
  а он между ними похаживает, 0
  золочёное брюхо поглаживает:, 0
   принесите-ка мне, 0
 звери, 0
 ваших детушек, 0
  я сегодня их за ужином скушаю, 0
  бедные, 0
 бедные двери, 0
  воют, 0
 рыдают, 0
 ревут, 0
  в каждой берлоге, 0
  и в каждой пещере, 0
  злого обжору клянут, 0
  да и какая же мать, 0
  согласится отдать, 0
  своего дорогого ребёнка  , 0
  медвежонка, 0
 волчонка, 0
 слонёнка, 0
  , 0
  чтобы несытое чучело, 0
  бедную крошку замучило, 0
  плачут они, 0
 убиваются, 0
  с малышами навеки прощаются, 0
   разве это великан, 0
   ха-ха   ха, 0
  ото просто таракан, 0
   ха-ха-хя, 0
  таракан, 0
 таракан, 0
 таракашечка, 0
  жистконогая кояявочка-букашечка, 0
  и не стыдно вам, 0
  не обидно вам, 0
  вы   зубастые, 0
  вы   клыкастые, 0
  а малявочке, 0
  поклонилися, 0
  а козявочке, 0
  покорилися, 0
  испугались бегемоты, 0
  зашептали:  что ты, 0
 что ты, 0
  уходи-ка ты отсюда, 0
  как бы не было нам худа, 0
  только вдруг из-за кусточка, 0
  из-за синею лесочка, 0
  из далёких из полей, 0
  прилетает воробей, 0
  прыг да прыг, 0
  да чик-чирик, 0
  чики рики-чик-чирик, 0
  взял и клюнул таракана  , 0
  вот и нету великана, 0
  поделом великану досталося, 0
  и усов от него не осталося, 0
  то-то рада, 0
 то-то рада, 0
  вся звериная семья, 0
  прославляют, 0
 поздравляют, 0
  удалого воробья, 0
  ослы ему славу по нотам поют, 0
  козлы бородою дорогу метут, 0
  бараны, 0
 бараны, 0
  стучат в барабаны, 0
  сычи трубачи трубят, 0
  грачи с каланчи, 0
  кричат, 0
  летучие мыши, 0
  на крыше, 0
  платочками машут, 0
  и пляшут, 0
  а слониха-щеголиха, 0
  так отплясывает лихо, 0
  что румяная луна, 0
  в небе задрожала, 0
  и на бедного слона, 0
  кубарем упала, 0
  вот была потом забота, 0
  за луной нырять в болото, 0
  и гвоздями к небесам приколачивать, 0
мойдодыр, 0
  одеяло, 0
  убежало, 0
  улетела простыня, 0
  и подушка, 0
  как лягушка, 0
  ускакала от меня, 0
  я за свечку, 0
  свечка   в печку, 0
  я за книжку, 0
  та   бежать, 0
  и вприпрыжку, 0
  под кровать, 0
  я хочу напиться чаю, 0
  к самовару подбегаю, 0
  но пузатый от меня, 0
  убежал, 0
 как от огня, 0
  боже, 0
 боже, 0
  что случилось, 0
  отчего же, 0
  всё кругом, 0
  завертелось, 0
  закружилось, 0
  и помчалось колесом, 0
  утюги, 0
    за, 0
      сапогами, 0
  сапоги, 0
     за, 0
       пирогами, 0
  пироги, 0
    за, 0
      утюгами, 0
  кочерга, 0
      за, 0
      кушаком  , 0
  всё вертится, 0
    и кружится, 0
      и несётся кувырком, 0
  вдруг из маминой из спальни, 0
  кривоногий и хромой, 0
  выбегает умывальник, 0
  и качает головой:, 0
   ах ты, 0
 гадкий, 0
 ах ты, 0
 грязный, 0
  неумытый поросёнок, 0
  ты чернее трубочиста, 0
  полюбуйся на себя:, 0
  у тебя на шее вакса, 0
  у тебя под носом клякса, 0
  у тебя такие руки, 0
  что сбежали даже брюки, 0
  даже брюки, 0
 даже брюки, 0
  убежали от тебя, 0
  рано утром на рассвете, 0
  умываются мышата, 0
  и котята, 0
 и утята, 0
  и жучки, 0
 и паучки, 0
  ты один не умывался, 0
  и грязнулею остался, 0
  и сбежали от грязнули, 0
  и чулки и башмаки, 0
  я   великий умывальник, 0
  знаменитый мойдодыр, 0
  умывальников начальник, 0
  и мочалок командир, 0
  если топну я ногою, 0
  позову моих солдат, 0
  в эту комнату толпою, 0
  умывальники влетят, 0
  и залают, 0
 и завоют, 0
  и ногами застучат, 0
  и тебе головомойку, 0
  неумытому, 0
 дадут, 0
  прямо в мойку, 0
  прямо в мойку, 0
  с головою окунут, 0
  он ударил в медный таз, 0
  и вскричал:  кара-барас, 0
  и сейчас же щётки, 0
 щётки, 0
  затрещали, 0
 как трещотки, 0
  и давай меня тереть, 0
  приговаривать:, 0
   моем, 0
 моем трубочиста, 0
  чисто, 0
 чисто, 0
 чисто, 0
 чисто, 0
  будет, 0
 будет трубочист, 0
  чист, 0
 чист, 0
 чист, 0
 чист, 0
  тут и мыло подскочило, 0
  и вцепилось в волоса, 0
  и юлило, 0
 и мылило, 0
  и кусало, 0
 как оса, 0
  а от бешеной мочалки, 0
  я помчался, 0
 как от палки, 0
  а она за мной, 0
 за мной, 0
  по садовой, 0
 по сенной, 0
  я к таврическому саду, 0
  перепрыгнул чрез ограду, 0
  а она за мною мчится, 0
  и кусает, 0
 как волчица, 0
  вдруг навстречу мой хороший, 0
  мой любимый крокодил, 0
  он с тотошей и кокошей, 0
  по аллее проходил, 0
  и мочалку, 0
 словно галку, 0
  словно галку, 0
 проглотил, 0
  а потом как зарычит, 0
  на меня, 0
  как ногами застучит, 0
  на меня:, 0
   уходи-ка ты домой, 0
  говорит, 0
  да лицо своё умой, 0
  говорит, 0
  а не то как налечу, 0
  говорит, 0
  растопчу и проглочу, 0
  говорит , 0
  как пустился я по улице бежать, 0
  прибежал я к умывальнику опять, 0
  мылом, 0
 мылом, 0
  мылом, 0
 мылом, 0
  умывался без конца, 0
  смыл и ваксу, 0
  и чернила, 0
  с неумытого лица, 0
  и сейчас же брюки, 0
 брюки, 0
  так и прыгнули мне в руки, 0
  а за ними пирожок:, 0
   ну-ка, 0
 съешь меня, 0
 дружок, 0
  а за ним и бутерброд:, 0
  подскочил   и прямо в рот, 0
  вот и книжка воротилась, 0
  воротилась и тетрадь, 0
  и грамматика пустилась, 0
  с арифметикой плясать, 0
  тут великий умывальник, 0
  знаменитый мойдодыр, 0
  умывальников начальник, 0
  и мочалок командир, 0
  подбежал ко мне, 0
 танцуя, 0
  и, 0
 целуя, 0
 говорил:, 0
   вот теперь тебя люблю я, 0
  вот теперь тебя хвалю я, 0
  наконец-то ты, 0
 грязнуля, 0
  мойдодыру угодил, 0
  надо, 0
 надо умываться, 0
  по утрам и вечерам, 0
  а нечистым, 0
  трубочистам  , 0
  стыд и срам, 0
  стыд и срам, 0
  да здравствует мыло душистое, 0
  и полотенце пушистое, 0
  и зубной порошок, 0
  и густой гребешок, 0
  давайте же мыться, 0
 плескаться, 0
  купаться, 0
 нырять, 0
 кувыркаться, 0
  в ушате, 0
 в корыте, 0
 в лохани, 0
  в реке, 0
 в ручейке, 0
 в океане, 0
  и в ванне, 0
 и в бане, 0
  всегда и везде  , 0
  вечная слава воде, 0
федорино горе, 0
  скачет сито по полям, 0
  а корыто по лугам, 0
  за лопатою метла, 0
  вдоль по улице пошла, 0
  топоры-то, 0
 топоры, 0
  так и сыплются с горы, 0
  испугалася коза, 0
  растопырила глаза:, 0
   что такое, 0
 почему, 0
  ничего я не пойму , 0
  но, 0
 как чёрная железная нога, 0
  побежала, 0
 поскакала кочерга, 0
  и помчалися по улице ножи:, 0
   эй, 0
 держи, 0
 держи, 0
 держи, 0
 держи, 0
 держи, 0
  и кастрюля на бегу, 0
  закричала утюгу:, 0
   я бегу, 0
 бегу, 0
 бегу, 0
  удержаться не могу, 0
  вот и чайник за кофейником бежит, 0
  тараторит, 0
 тараторит, 0
 дребезжит…, 0
  утюги бегут покрякивают, 0
  через лужи, 0
 через лужи перескакивают, 0
  а за ними блюдца, 0
 блюдца  , 0
  дзынь-ля-ля, 0
 дзынь-ля-ля, 0
  вдоль по улице несутся  , 0
  дзынь-ля-ля, 0
 дзынь-ля-ля, 0
  на стаканы   дзынь, 0
   натыкаются, 0
  и стаканы   дзынь, 0
   разбиваются, 0
  и бежит, 0
 бренчит, 0
 стучит сковорода:, 0
   вы куда, 0
 куда, 0
 куда, 0
 куда, 0
 куда, 0
  а за нею вилки, 0
  рюмки да бутылки, 0
  чашки да ложки, 0
  скачут по дорожке, 0
  из окошка вывалился стол, 0
  и пошёл, 0
 пошёл, 0
 пошёл, 0
 пошёл, 0
 пошёл…, 0
  а на нём, 0
 а на нём, 0
  как на лошади верхом, 0
  самоварище сидит, 0
  и товарищам кричит:, 0
   уходите, 0
 бегите, 0
 спасайтеся, 0
  и в железную трубу:, 0
   бу   бу-бу, 0
 бу-бу-бу, 0
  а за ними вдоль забора, 0
  скачет бабушка федора:, 0
   ой-ой-ой, 0
 ой-ой-ой, 0
  воротитеся домой, 0
  но ответило корыто:, 0
   на федору я сердито, 0
  и сказала кочерга:, 0
   я федоре не слуга, 0
  а фарфоровые блюдца, 0
  над федорою смеются:, 0
   никогда мы, 0
 никогда, 0
  не воротимся сюда, 0
  тут федорины коты, 0
  расфуфырили хвосты, 0
  , 0
 побежали во всю прыть, 0
  чтоб посуду воротить:, 0
   эй вы, 0
 глупые тарелки, 0
  что вы скачете, 0
 как белки, 0
  вам ли бегать за воротами, 0
  с воробьями желторотыми, 0
  вы в канаву упадете, 0
  вы утонете в болоте, 0
  не холите, 0
 погодите, 0
  воротитеся домой, 0
  но тарелки вьются-вьются, 0
  а федоре не даются:, 0
   лучше в поле пропадём, 0
  а к федоре не пойдем, 0
  мимо курица бежала, 0
  и посуду увидала:, 0
   куд-куда, 0
 куд-куда, 0
  вы откуда и куда, 0
  и ответила посуда:, 0
   было нам у бабы худо, 0
  не любила нас она, 0
  била, 0
 била нас она, 0
  запылила, 0
 закоптила, 0
  загубила нас она, 0
 ко-ко-ко, 0
 ко-ко-ко, 0
жить вам было нелегко, 0
 да, 0
   промолвил медный таз, 0
  , 0
погляди-ка ты на нас:, 0
мы поломаны, 0
 побиты, 0
мы помоями облиты, 0
загляни-ка ты в кадушку  , 0
и увидишь там лягушку, 0
загляни-ка ты в ушат, 0
тараканы там кишат, 0
оттого-то мы от бабы, 0
убежали, 0
 как от жабы, 0
и гуляем по полям, 0
по болотам, 0
 по лугам, 0
а к неряхе-замарахе, 0
не воротимся, 0
  и они побежали лесочком, 0
  поскакали по пням и по кочкам, 0
  а бедная баба одна, 0
  и плачет, 0
 и плачет она, 0
  села бы баба за стол, 0
  да стол за ворота ушёл, 0
  сварила бы баба щи, 0
  да кастрюлю поди поищи, 0
  и чашки ушли, 0
 и стаканы, 0
   остались одни тараканы, 0
  ой, 0
 горе федоре, 0
  горе, 0
  а посуда вперёд и вперёд, 0
  по полям, 0
 по болотам идёт, 0
  и чайник шепнул утюгу:, 0
   я дальше идти не могу , 0
  и заплакали блюдца:, 0
   не лучше ль вернуться, 0
  и зарыдало корыто:, 0
   увы, 0
 я разбито, 0
 разбито, 0
  но блюдо сказало:  гляди, 0
  кто это там позади, 0
  и видят: за ними из тёмного бора, 0
  идёт ковыляет федора, 0
  но чудо случилося с ней:, 0
  стала федора добрей, 0
  тихо за ними идёт, 0
  и тихую песню поёт:, 0
   ой вы, 0
 бедные сиротки мои, 0
  утюги и сковородки мои, 0
  вы подите-ка, 0
 немытые, 0
 домой, 0
  я водою вас умою ключевой, 0
  я почищу вас песочком, 0
  окачу вас кипяточком, 0
  и вы будете опять, 0
  словно солнышко, 0
 сиять, 0
  а поганых тараканов я повыведу, 0
  прусаков и пауков я повымету, 0
  и сказала скалка:, 0
   мне федору жалко , 0
  и сказала чашка:, 0
   ах, 0
 она бедняжка, 0
  и сказали блюдца:, 0
   надо бы вернуться, 0
  и сказали утюги:, 0
   мы федоре не враги, 0
  долго, 0
 долго целовала, 0
  и ласкала их она, 0
  поливала, 0
 умывала, 0
  полоскала их она, 0
   уж не буду, 0
 уж не буду, 0
  я посуду обижать, 0
  буду, 0
 буду я посуду, 0
  и любить и уважать, 0
  засмеялися кастрюли, 0
  самовару подмигнули:, 0
   ну, 0
 федора, 0
 так и быть, 0
  рады мы тебя простить, 0
  полетели, 0
  зазвенели, 0
  да к федоре прямо в печь, 0
  стали жарить, 0
 стали печь, 0
  будут, 0
 будут у федоры и блины и пироги, 0
  а метла-то, 0
 а метла   весела, 0
  заплясала, 0
 заиграла, 0
 замела, 0
  ни пылинки у федоры не оставила, 0
  и обрадовались блюдца:, 0
  дзынь-ля-ля, 0
 дзынь-ля-ля, 0
  и танцуют и смеются  , 0
  дзынь-ля-ля, 0
 дзынь-ля-ля, 0
  а на белой табуреточке, 0
  да на вышитой салфеточке, 0
  самовар стоит, 0
  словно жар горит, 0
  и пыхтит, 0
 и на бабу поглядывает:, 0
   я федорушку прощаю, 0
  сладким чаем угощаю, 0
  кушай, 0
 кушай, 0
 федора егоровна, 0
телефон, 0
  у меня зазвонил телефон, 0
    кто говорит, 0
    слон, 0
    откуда, 0
    от верблюда, 0
    что вам надо, 0
    шоколада, 0
    для кого, 0
  для сына моего, 0
  а много ли прислать, 0
    да пудов этак пять, 0
  или шесть:, 0
  больше ему не съесть, 0
  он у меня ещё маленький, 0
  а потом позвонил крокодил, 0
  и со слезами просил:, 0
  мой милый, 0
 хороший, 0
  пришли мне калоши, 0
  и мне, 0
 и жене, 0
 и тотоше, 0
    постой, 0
 не тебе ли, 0
  на прошлой неделе, 0
  я выслал две пары, 0
  отличных калош, 0
    ах, 0
 те, 0
 что ты выслал, 0
  на прошлой неделе, 0
  мы давно уже съели, 0
  и ждём не дождёмся, 0
  когда же ты снова пришлёшь, 0
  к нашему ужину, 0
  дюжину, 0
  новых и сладких калош, 0
   а потом позвонили зайчатки:, 0
  нельзя ли прислать перчатки, 0
  а потом позвонили мартышки:, 0
    пришлите, 0
 пожалуйста, 0
 книжки, 0
  а потом позвонил медведь, 0
  да как начал, 0
 как начал реветь, 0
    погодите, 0
 медведь, 0
 не ревите, 0
  объясните, 0
 чего вы хотите, 0
  но он только  му  да  му , 0
  а к чему, 0
 почему  , 0
  не пойму, 0
    повесьте, 0
 пожалуйста, 0
 трубку, 0
  а потом позвонили цапли:, 0
    пришлите, 0
 пожалуйста, 0
 капли:, 0
  мы лягушками нынче объелись, 0
  и у нас животы разболелись, 0
  а потом позвонила свинья:, 0
  нельзя ли прислать соловья, 0
  мы сегодня вдвоём, 0
  с соловьем, 0
  чудесную песню  споём, 0
    нет, 0
 нет, 0
 соловей, 0
  не поёт для свиней, 0
  позови-ка ты лучше ворону, 0
  и снова медведь:, 0
    о, 0
 спасите моржа, 0
  вчера проглотил он морского ежа, 0
  и такая дребедень, 0
  целый день:, 0
  динь-ди-лень, 0
  динь-ди-лень, 0
  динь-ди-лень, 0
  то тюлень позвонит, 0
 то олень, 0
  а недавно две газели, 0
  позвонили и запели:, 0
  неужели, 0
  в самом деле, 0
  все сгорели карусели, 0
    ах, 0
 в уме ли вы, 0
 газели, 0
  не сгорели карусели, 0
  и качели уцелели, 0
  вы б, 0
 газели, 0
 не галдели, 0
  а на будущей неделе, 0
  прискакали бы и сели, 0
  на качели карусели, 0
  но не слушали газели, 0
  и по-прежнему галдели:, 0
    неужели, 0
  в самом деле, 0
  все качели, 0
  погорели, 0
  что за глупые газели, 0
  а вчера поутру, 0
  кенгуру:, 0
    но это ли квартира, 0
  мойдодыра, 0
  я рассердился да как заору:, 0
  нет, 0
 это чужая квартира, 0
    а где мойдодыр, 0
    не могу вам сказать…, 0
  позвоните по номеру, 0
  сто двадцать пять, 0
10, 0
  я три ночи не спал, 0
  я устал, 0
  мне бы заснуть, 0
  отдохнуть, 0
  но только я лёг, 0
  звонок, 0
    kтo говорит, 0
    носорог, 0
    что такое, 0
    беда, 0
 беда, 0
  бегите скорее сюда, 0
    в чём дело, 0
    спасите, 0
    кого, 0
    бегемота, 0
  наш бегемот провалился в болото, 0
    провалился в болото, 0
    да, 0
  и ни туда, 0
 ни сюда, 0
  о, 0
 если вы не придёте, 0
  , 0
  он утонет, 0
 утонет в болоте, 0
  умрёт, 0
 пропадёт, 0
  бегемот, 0
    ладно, 0
 бегу, 0
 бегу, 0
  если могу, 0
 помогу, 0
11, 0
  ох, 0
 нелёгкая это работа  , 0
  из болота тащить бегемота, 0
крокодил  старая престарая сказка , 0
часть первая, 0
  жил да был крокодил, 0
  он по улицам ходил, 0
  папиросы курил, 0
  по-турецки говорил, 0
  , 0
  крокодил, 0
 крокодил крокодилович, 0
  а за ним-то народ, 0
  и поёт и орёт:, 0
    вот урод так урод, 0
  что за нос, 0
 что за рот, 0
  и откуда такое чудовище, 0
  гимназисты за ним, 0
  трубочисты за ним, 0
  и толкают его, 0
  обижают его;, 0
  и какой-то малыш, 0
  показал ему шиш, 0
  и какой-то барбос, 0
  укусил его в нос, 0
  , 0
  нехороший барбос, 0
 невоспитанный, 0
  оглянулся крокодил, 0
  и барбоса проглотил, 0
  проглотил его вместе с ошейником, 0
  рассердился народ, 0
  и зовёт, 0
 и орёт:, 0
    эй, 0
 держите его, 0
  да вяжите его, 0
  да ведите скорее в полицию, 0
  он вбегает в трамвай, 0
  все кричат:   ай-ай-ай, 0
  , 0
  и бегом, 0
  кувырком, 0
  по домам, 0
  по углам:, 0
  помогите, 0
 спасите, 0
 помилуйте, 0
  подбежал городовой:, 0
    что за шум, 0
 что за вой, 0
  как ты смеешь тут ходить, 0
  пo-турецки говорить, 0
  крокодилам тут гулять воспрещается, 0
  усмехнулся крокодил, 0
  и беднягу проглотил, 0
  проглотил с сапогами и шашкою, 0
  все от страха дрожат, 0
  все от страха визжат, 0
  лишь один, 0
  гражданин, 0
  не визжал, 0
  не дрожал, 0
  это доблестный ваня васильчиков, 0
10, 0
  он боец, 0
  молодец, 0
  он герой, 0
  удалой:, 0
  он без няни гуляет по улицам, 0
11, 0
  он сказал:   ты злодей, 0
  пожираешь людей, 0
  так за это мой меч  , 0
  твою голову с плеч, 0
  , 0
  и взмахнул своей саблей игрушечной, 0
12, 0
  и сказал крокодил:, 0
    ты меня победил, 0
  не губи меня, 0
 ваня васильчиков, 0
  пожалей ты моих крокодилъчиков, 0
  крокодильчики в ниле плескаются, 0
  со слезами меня дожидаются, 0
  отпусти меня к деточкам, 0
 ванечка, 0
  я за то подарю тебе пряничка, 0
13, 0
  отвечал ему ваня васильчиков:, 0
    хоть и жаль мне твоих крокодильчиков, 0
  но тебя, 0
 кровожадную гадину, 0
  я сейчас изрублю, 0
 как говядину, 0
  мне, 0
 обжора, 0
 жалеть тебя нечего:, 0
  много мяса ты съел человечьего, 0
  и сказал крокодил:, 0
  всё, 0
 что я проглотил, 0
  я обратно отдам тебе с радостью, 0
15, 0
  и вот живой, 0
  городовой, 0
  явился вмиг перед толпой:, 0
  утроба крокодила, 0
  ему не повредила, 0
16, 0
  и дружок, 0
  в один прыжок, 0
  из пасти крокодила, 0
  скок, 0
  ну от радости плясать, 0
  щеки ванины лизать, 0
17, 0
  трубы затрубили, 0
  пушки запалили, 0
  очень рад петроград  , 0
  все ликуют и танцуют, 0
  ваню милого целуют, 0
  и из каждого двора, 0
  слышно громкое  ура , 0
  вся столица украсилась флагами, 0
18, 0
  спаситель петрограда, 0
  от яростного гада, 0
  да здравствует ваня васильчиков, 0
19, 0
  и дать ему в награду, 0
  сто фунтов винограду, 0
  сто фунтов мармеладу, 0
  сто фунтов шоколаду, 0
  и тысячу порций мороженого, 0
20, 0
  а яростного гада долой из петрограда:, 0
  пусть едет к своим крокодильчикам, 0
21, 0
  он вскочил в аэроплан, 0
  полетел, 0
 как ураган, 0
  и ни резу назад не оглядывался, 0
  и домчался стрелой, 0
  до сторонки родной, 0
  на которой написано:  африка , 0
22, 0
  прыгнул в нил, 0
  крокодил, 0
  прямо в ил, 0
  угодил, 0
  где жила его жена крокодилица, 0
  его детушек кормилица-поилица, 0
часть вторая, 0
  говорит ему печальная жена:, 0
    я с детишками намучилась одна:, 0
  то кокошенька лелёшеньку разит, 0
  то лелёшенька кокошеньку тузит, 0
  а тотошенька сегодня нашалил:, 0
  выпил целую бутылочку чернил, 0
  на колени я поставила его, 0
  и без сладкого оставила его, 0
  у кокошеньки всю ночь был сильный жар:, 0
  проглотил он по ошибке самовар, 0
  , 0
  да, 0
 спасибо, 0
 наш аптекарь бегемот, 0
  положил ему лягушку на живот, 0
  , 0
  опечалился несчастный крокодил, 0
  и слезу себе на брюхо уронил:, 0
    как же мы без самовара будем жить, 0
  как же чай без самовара будем пить, 0
  но тут распахнулися двери, 0
  в дверях показалися звери, 0
  гиены, 0
 удавы, 0
 слоны, 0
  и страусы, 0
 и кабаны, 0
  и слониха-щеголиха, 0
  стопудовая купчиха, 0
  и жираф  , 0
  важный граф, 0
  вышиною с телеграф, 0
  , 0
  всё приятели друзья, 0
  всё родня и кумовья, 0
  ну соседа обнимать, 0
  ну соседа целовать:, 0
  подавай-ка нам подарочки заморские, 0
  отвечает крокодил:, 0
    никого я не забыл, 0
  и для каждого из вас, 0
  я подарочки припас, 0
 льву  , 0
  халву, 0
  мартышке  , 0
  коврижки, 0
  орлу  , 0
  пастилу, 0
  бегемотику  , 0
  книжки, 0
  буйволу   удочку, 0
  страусу   дудочку, 0
  слонихе   конфет, 0
  а слону   пистолет…, 0
  только тотошеньке, 0
  только кокошеньке, 0
  не подарил крокодил, 0
  ничегошеньки, 0
  плачут тотоша с кокошей:, 0
    папочка, 0
 ты нехороший:, 0
  даже для глупой овцы, 0
  есть у тебя леденцы, 0
  мы же тебе не чужие, 0
  мы твои дети родные, 0
  так отчего, 0
 отчего, 0
  ты нам не привёз ничего, 0
  улыбнулся, 0
 засмеялся крокодил:, 0
    нет, 0
 проказники, 0
 я вас не позабыл:, 0
  вот вам ёлочка душистая, 0
 зелёная, 0
  из далёкой из россии привезённая, 0
  вся чудесными увешана игрушками, 0
  золочеными орешками, 0
 хлопушками, 0
  то-то свечки мы на ёлочке зажжём, 0
  то-то песенки мы ёлочке споём:, 0
   человечьим ты служила малышам, 0
  послужи теперь и нам, 0
 и нам, 0
 и нам, 0
  как услышали про ёлочку слоны, 0
  ягуары, 0
 павианы, 0
 кабаны, 0
  тотчас за руки, 0
  на радостях взялись, 0
  и вкруг елочки, 0
  вприсядку понеслись, 0
  не беда, 0
 что, 0
 расплясавшись, 0
 бегемот, 0
  поватил на крокодилицу комод, 0
  и с разбегу круторогий носорог, 0
  рогом, 0
 рогом зацепился за порог, 0
  ах, 0
 как весело, 0
 как весело шакал, 0
  на гитаре плясовую заиграл, 0
  даже бабочки упёрлися в бока, 0
  с комарами заплясали трепака, 0
  пляшут чижики и зайчики в лесах, 0
  пляшут раки, 0
 пляшут окуни в морях, 0
  пляшут в поле червячки и паучки, 0
  пляшут божии коровки и жучки, 0
  вдруг забили барабаны, 0
  прибежали обезьяны:, 0
    трам-там-там, 0
 трам-там-там, 0
  едет к нам гиппопотам, 0
[1 - некоторые думают, 0
 будто гиппопотам и бегемот   одно и то же, 0
 это неверно, 0
 бегемот аптекарь, 0
 а гиппопотам   царь, 0
    к нам  , 0
  гиппопотам, 0
    сам  , 0
  гиппопотам, 0
    там   гиппопотам, 0
  ах, 0
 какое поднялось рычанье, 0
  верещанье, 0
 и блеянье, 0
 и мычанье:, 0
    шутка ли, 0
 ведь сам гиппопотам, 0
  жаловать сюда изволит к нам, 0
  крокодилица скорее убежала, 0
  и кокошу и тогошу причесала, 0
  а взволнованный, 0
 дрожащий крокодил, 0
  от волнения салфетку проглотил, 0
  а жираф, 0
  хоть и граф, 0
  взгромоздился на шкаф, 0
  и оттуда, 0
  на верблюда, 0
  вся посыпалась посуда, 0
  а змеи, 0
  лакеи, 0
  надели ливреи, 0
  шуршат по аллее, 0
  спешат поскорее, 0
  встречать молодого царя, 0
  и крокодил на пороге, 0
  целует у гостя ноги:, 0
    скажи, 0
 повелитель, 0
 какая звезда, 0
  тебе указала дорогу сюда, 0
  и говорит ему царь:  , 0
  мне вчера донесли обезьяны, 0
  что ты ездил в далёкие страны, 0
  где растут на деревьях игрушки, 0
  и сыплются с неба ватрушки, 0
  вот и пришёл я сюда о чудесных игрушках послушать, 0
  и небесных ватрушек покушать, 0
  и говорит крокодил:, 0
  пожалуйте, 0
 ваше величество, 0
  кокоша, 0
 поставь самовар, 0
  тотоша, 0
 зажги электричество, 0
  и говорит гиппопотам:, 0
    о крокодил, 0
 поведай нам, 0
  что видел ты в чужом краю, 0
  а я покуда подремлю, 0
  и встал печальный крокодил, 0
  и медленно заговорил:, 0
    узнайте, 0
 милые друзья, 0
  потрясена душа моя, 0
  я столько горя видел там, 0
  что даже ты, 0
 гиппопотам, 0
  и то завыл бы, 0
 как щенок, 0
  когда б его увидеть мог, 0
  там наши братья, 0
 как в аду  , 0
  в зоологическом саду, 0
  о, 0
 этот сад, 0
 ужасный сад, 0
  его забыть я был бы рад, 0
  там под бичами палачей, 0
  немало мучится зверей, 0
  они стенают, 0
 и зовут, 0
  и цепи тяжкие грызут, 0
  но им не вырваться сюда, 0
  из тесных клеток никогда, 0
  там слон   забава для детей, 0
  игрушка глупых малышей, 0
  там человечья мелюзга, 0
  оленю теребит рога, 0
  и буйволу щекочет нос, 0
  как будто буйвол   это пёс, 0
  вы помните, 0
 меж нами жил, 0
  один весёлый крокодил…, 0
  он мой племянник, 0
  я его, 0
  любил, 0
 как сына своего, 0
  он был проказник, 0
 и плясун, 0
  и озорник, 0
 и хохотун, 0
  а ныне там передо мной, 0
  измученный, 0
 полуживой, 0
  в лохани грязной он лежал, 0
  и, 0
 умирая, 0
 мне сказал:, 0
   не проклинаю палачей, 0
  ни их цепей, 0
 ни их бичей, 0
  но вам, 0
 предатели друзья, 0
  проклятье посылаю я, 0
  вы так могуч и, 0
 так сильны, 0
  , 0
 удавы, 0
 буйволы, 0
 слоны, 0
  мы каждый день и каждый час, 0
  из наших тюрем звали вас, 0
  и ждали, 0
 верили, 0
 что вот, 0
  освобождение придёт, 0
  что вы нахлынете сюда, 0
  чтобы разрушить навсегда, 0
  людские, 0
 злые города, 0
  где ваши братья и сыны, 0
  в неволе жить обречены, 0
  сказал и умер, 0
  я стоял, 0
  и клятвы страшные давал, 0
  злодеям людям отомстить, 0
  и всех зверей освободить, 0
  вставай же, 0
 сонное зверьё, 0
  покинь же логово своё, 0
  вонзи в жестокого врага, 0
  клыки, 0
 и когти, 0
 и рога, 0
  там есть один среди людей  , 0
  сильнее всех богатырей, 0
  он страшно грозен, 0
 страшно лют, 0
  его васильчиков зовут, 0
  и я за голову его, 0
  не пожалел бы ничего, 0
10, 0
  ощетинились зверюги и, 0
 оскалившись, 0
 кричат:, 0
    так веди нас за собою на проклятый зоосад, 0
  где в неволе наши братья за решётками сидят, 0
  мы решётки поломаем, 0
 мы оковы разобьём, 0
  и несчастных наших братьев из неволи мы спасём, 0
  а злодеев забодаем, 0
 искусаем, 0
 загрызём, 0
  через болота и пески, 0
  идут звериные полки, 0
  их воевода впереди, 0
  скрестивши руки на груди, 0
  они идут на пегроград, 0
  они сожрать его хотят, 0
  и всех людей, 0
  и всех детей, 0
  они без жалости съедят, 0
  о бедный, 0
 бедный петроград, 0
часть третья, 0
  милая девочка лялечка, 0
  с куклой гуляла она, 0
  и на таврической улице, 0
  вдруг увидала слона, 0
  боже, 0
 какое страшилище, 0
  ляля бежит и кричит, 0
  глядь, 0
 перед ней из-под мостика, 0
  высунул голову кит, 0
  лялечка плачет и пятится, 0
  лялечка маму зовст…, 0
  а в подворотне на лавочке, 0
  страшный сидит бегемот, 0
  змеи, 0
 шакалы и буйволы, 0
  всюду шипят и рычат, 0
  бедная, 0
 бедная лялечка, 0
  беги без оглядки назад, 0
  лялечка лезет на дерево, 0
  куклу прижала к груди, 0
  бедная, 0
 бедная лялечка, 0
  что это там впереди, 0
  гадкое чучело-чудище, 0
  скалит клыкастую пасть, 0
  тянется, 0
 тянется к лялечке, 0
  лялечку хочет украсть, 0
  лялечка прыгнула с дерева, 0
  чудище прыгнуло к ней, 0
  сцапало бедную лялечку, 0
  и убежало скорей, 0
  а на таврической улице, 0
  мамочка лялечку ждёт:, 0
    где моя милая лялечка, 0
  что же она не идёт, 0
  дикая горилла, 0
  лялю утащила, 0
  и по тротуару, 0
  побежала вскачь, 0
  выше, 0
 выше, 0
 выше, 0
  вот она на крыше, 0
  на седьмом этаже, 0
  прыгает, 0
 как мяч, 0
  на трубу вспорхнула, 0
  сажи зачерпнула, 0
  вымазала лялю, 0
  села на карниз, 0
  села, 0
 задремала, 0
  лялю покачала, 0
  и с ужасным криком, 0
  закрывайте окна, 0
 закрывайте двери, 0
  полезайте поскорее под кровать, 0
  потому что злые, 0
 яростные звери, 0
  вас хотят на части, 0
 на части разорвать, 0
  кто, 0
 дрожа от страха, 0
 спрятался в чулане, 0
  кто в собачьей будке, 0
 кто на чердаке…, 0
  папа схоронился в старом чемодане, 0
  дядя под диваном, 0
 тётя в сундуке, 0
  где найдётся такой, 0
  богатырь удалой, 0
  что побьёт крокодилово полчище, 0
  кто из лютых когтей, 0
  разъярённых зверей, 0
  нашу бедную лялечку вызволит, 0
  кинулася вниз, 0
  где же вы, 0
 удальцы, 0
  молодцы   храбрецы, 0
  что же вы, 0
 словно трусы, 0
 попрятались, 0
  выходите скорей, 0
  прогоните зверей, 0
  защитите несчастную лялечку, 0
  все сидят, 0
 и молчат, 0
  и, 0
 как зайцы, 0
 дрожат, 0
  и на улицу носа не высунут, 0
  лишь один гражданин, 0
  не бежит, 0
 не дрожит  , 0
  это доблестный ваня васлльчиков, 0
  он ни львов, 0
 ни слонов, 0
  ни лихих кабанов, 0
  не боится, 0
 конечно, 0
 ни капельки, 0
  они рычат, 0
 они визжат, 0
  они сгубить его хотят, 0
  но ваня смело к ним идёт, 0
  и пистолетик достаёт, 0
  пиф-паф, 0
   и яростный шакал быстрее лани ускакал, 0
  пиф паф, 0
   и буйвол наутёк, 0
  за ним в испуге носорог, 0
  пиф-паф, 0
   и сам гиппопотам, 0
  бежит за ними по пятам, 0
  и скоро дикая орда, 0
  вдали исчезла без следа, 0
  и счастлив ваня, 0
 что пред ним, 0
  враги рассеялись как дым, 0
  он победитель, 0
 он герой, 0
  он снова спас свой край родной, 0
  и вновь из каждого двора, 0
  к нему доносится  ура , 0
  и вновь весёлый петроград, 0
  ему подносит шоколад, 0
  но где же ляля, 0
 ляли нет, 0
  от девочки пропал и след, 0
  что, 0
 если жадный крокодил, 0
  её схватил и проглотил, 0
  кинулся ваня за злыми зверями:, 0
    звери, 0
 отдайте мне лялю назад, 0
  , 0
  бешено звери сверкают глазами, 0
  лялю отдать не хотят, 0
  как же ты смеешь, 0
   вскричала тигрица, 0
  , 0
  к нам приходить за сестрою твоей, 0
  если моя дорогая сестрица, 0
  в клетке томится у вас, 0
 у людей, 0
  нет, 0
 ты разбей эти гадкие клетки, 0
  где на потеху двуногих ребят, 0
  наши родные мохнатые детки, 0
  словно в тюрьме, 0
 за решёткой сидят, 0
  в каждом зверинце железные двери, 0
  ты распахни для пленённых зверей, 0
  чтобы оттуда несчастные звери, 0
  выйти на волю могли поскорей, 0
  если любимые наши ребята, 0
  к нам возвратятся в родную семью, 0
  если из плена вернутся тигрята, 0
  львята с лисятами и медвежата  , 0
  мы отдадим тебе лялю твою, 0
  но тут из каждого двора, 0
  сбежалась к ване детвора:, 0
    веди нас, 0
 ваня, 0
 на врага, 0
  нам не страшны его рога, 0
  и грянул бой, 0
 война, 0
 война, 0
  и вот уж ляля спасена, 0
  и вскричал ванюша:, 0
    радуйтеся, 0
 звери, 0
  вашему народу, 0
  я даю свободу, 0
  свободу я даю, 0
  я клетки поломаю, 0
  я цепи разбросаю, 0
  железные решётки, 0
  навеки разобью, 0
  живите в петрограде, 0
  в уюте и прохладе, 0
  но только, 0
 бога ради, 0
  не ешьте никого:, 0
  ни пташки, 0
 ни котёнка, 0
  ни малого ребёнка, 0
  ни лялечкиной мамы, 0
  ни папы моего, 0
  да будет пища ваша, 0
  лишь чай, 0
 да простокваша, 0
  да гречневая каша, 0
  и больше ничего, 0
   тут голос раздался кокоши:, 0
    а можно мне кушать калоши, 0
  но ваня ответил:   ни-ни, 0
  боже тебя сохрани, 0
    ходите по бульварам, 0
  по лавкам и базарам, 0
  гуляйте где хотите, 0
  никто вам не мешай, 0
  живите вместе с нами, 0
  и будемте друзьями:, 0
  довольно мы сражались, 0
  и крови пролили, 0
  мы ружья поломаем, 0
  мы пули закопаем, 0
  а вы себе спилите, 0
  копыта и рога, 0
  быки и носороги, 0
  слоны и осьминоги, 0
  обнимите друг друга, 0
  пойдёмте танцевать, 0
  и наступила тогда благодать:, 0
  некого больше лягать и бодать, 0
  смело навстречу иди носорогу  , 0
  он и букашке уступит дорогу, 0
  вежлив и кроток теперь носорог:, 0
  где его прежний пугающий рог, 0
  вон по бульвару гуляет тигрица, 0
  ляля ни капли её не боится:, 0
  что же бояться, 0
 когда у зверей, 0
  нету теперь ни рогов, 0
 ни когтей, 0
  ваня верхом на пантеру садится, 0
  и, 0
 торжествуя, 0
 по улице мчится, 0
  или возьмёт оседлает орла, 0
  и в поднебесье летит, 0
 как стрела, 0
  звери ванюшу так ласково любят, 0
  звери балуют его и голубят, 0
  волки ванюше пекут пироги, 0
  кролики чистят ему сапоги, 0
  по вечерам быстроглазая серна, 0
  ване и ляле читает жюль верна, 0
  а по ночам молодой бегемот, 0
  им колыбельные песни поёт, 0
  вон вкруг медведя столпилися детки, 0
  каждому мишка даёт по конфетке, 0
  вон, 0
 погляди, 0
 по неве по реке, 0
  волк и ягнёнок плывут в челноке, 0
  счастливы люди, 0
 и звери, 0
 и гады, 0
  рады верблюды, 0
 и буйволы рады, 0
  нынче с визитом ко мне приходил  , 0
  кто бы вы думали, 0
   сам крокодил, 0
  я усадил старика на диванчик, 0
  дал ему сладкого чаю стаканчик, 0
  вдруг неожиданно ваня вбежал, 0
  и, 0
 как родного, 0
 его целовал, 0
  вот и каникулы, 0
 славная ёлка, 0
  будет сегодня у серого волка, 0
  много там будет весёлых гостей, 0
  едемте, 0
 дети, 0
 туда поскорей, 0
спасибо, 0
 что скачали книгу в бесплатной электронной библиотеке royallib, 0
ru: http://royallib, 0
ru, 0
оставить отзыв о книге: http://royallib, 0
ru/comment/chukovskiy_korney/skazki_korneya_chukovskogo_v_kartinkah_v_suteeva, 0
html, 0
все книги автора: http://royallib, 0
ru/author/chukovskiy_korney, 0
html, 0
notes, 0
примечания, 0
некоторые думают, 0
 будто гиппопотам и бегемот   одно и то же, 0
 это неверно, 0
 бегемот аптекарь, 0
 а гиппопотам   царь, 0
