[двач,0
 срочно нужна ваша помощь,0
 заходим на этот сайт http:  cursors,0
 io  без пробела,0
 доходим до моего уровня  который на пикриле и спасайте меня,0
 я буду рисовать молнию  так что вы сразу поймете кто я,0
 бамп,0
 бамп,0
 бамп,0
 я короче заново начал играть,0
 я буду в уголке,0
 чтобы рисовать как я  зажимайте на ctrl,0
 если вы двачер  то рисуйте плюсик,0
 вот,0
 бамп,0
 бамп,0
 я вас жду,0
 если вы двачер  то приходите ко мне в уголок,0
 бамп,0
 бамп,0
 то приходите ко мне в уголокхуй сосать будешь,1
 бамп,0
 сначала подойди ко мне,0
 http:  cursors,0
 io,0
 вот этот сайт,0
 бамп,0
 бамп,0
 бамп,0
 бамп,0
 вы где все  епта,1
 бамп,0
 бамп,0
 бамп,0
 кто подошел,0
 понятно  это был мимокрок,0
 бамп,0
 бпир,0
 бамп,0
 один подошел,0
 хуле там боты играют,1
 мы на втором уровне,0
 ты куда съебал,1
 бамп,0
 бамп,0
 бамп,0
 бамп,0
 я на втором уровне сижу,0
 если вы двачер  напишите 2ch,0
 рисовать можно с помощью ctrl,0
 мы тут,0
 бамп,0
 бамп,0
 ждём здесь,0
 бтвс,0
 ты не прошел,0
 бамп,0
 я тут,0
 в пизду тебя  ананас  не могу 2й уровень пройти,1
 бамп,0
 брат  ты где,0
 я на этой хуйне застрял,1
 я тут,0
 там уебки фейк молнию рисуют,1
 давай че нить другое рисовать,0
 плюсики например,0
 вот это,0
 го,0
 ты до сих пор там остался,0
 да :,0
 я тебя тут жду,0
 остался здесь,0
 это я тот художник с молниями,0
 а ты где сейчас,0
 кинь скрин,0
 бамп,0
 бамп,0
 бамп,0
 бамп,0
 это пиздец я до сих на этой хуйне застрял,1
 в чем суть игры,0
 жди когда придут,0
 я тоже один,0
 добраться до конца,0
 forever alone,0
 брат ты тут,0
 брат  ты где,0
 оставили меня на цифре и съебались гандоны сраные,1
 вот и помогай двачерам,0
 у меня вылетело,0
 где ты,0
 я тут  жду тебя,0
 брат ты ждешь,0
 да,0
 двачеры  выручайте,0
 бамп,0
 бамп,0
 бамп,0
 бамп,0
 бамп,0
 бамп,0
 bomb,0
 бамп,0
 бамп,0
 бамп,0
 ты жив брат,0
 да  я живой,0
 бамп  мне нужна помощь,0
 бамп,0
 бамп,0
 бамп,0
 бамп,0
 бамп,0
 бамп,0
 бамп,0
 бамп,0
 бамп,0
 бамп,0
 ты продвинулся,0
 не  на месте стою,0
 присоединяюсь к игре,0
 я застрял,0
 оп  мне еще долго до тебя ебошить,0
 че делать в этой хуйне надо,1
 дохожишь до зелени и выбрасывает обратно,0
 жди людей,0
 там наверх надо идти,0
 ёбаный в рот  брат,1
 пойду покакаю,1
 кто со мной остался,0
 на месте,0
 бамп,0
 help,0
 если встречаем двачера  то рисуем молнию,0
 бамп,0
 opera gxнихуя ты геймер,1
 бамп,0
 кто тоже в ждет когда придут игроки,0
 бамп,0
 бамп,0
 ждем пока придут альтруисты или читеры,1
 оп  пошли в доку 2  я покакал уже,1
 двачую,0
 ты че так долго срал,1
 я дрочил ещё,1
 я жду людей,0
 я тогда тоже ща приду к тебе,0
 давай,0
 барп,0
 аи,0
 бамп,0
 и че ебать,1
 вы играете,0
 ты где  петух,1
 не вижу тебя,0
 бамп,0
 полагаю  теперь я застрял здесь,0
 о  а я только от туда  лол,0
 скоро вы встретитесь и станете друзьями,0
 жду кого нибудь,0
 чел посередине отключился,0
 лол  у еще и квадрипл выбил,0
 кто тут молнию рисовал,0
 брат  я нашёл тебя,0
 я,0
 а че по птсам,0
 вы когда съебатся успели,1
 мимоанон,0
 там читак пролетал,0
 пиздец,1
 снова жду кого нибудь,0
 о  я видел тебя,0
 сам прошел слева сверху  сорян  помочь не смог бы,0
 пойду чая заварю  чтоли,0
 только на долго не уходи  а то ты вылететь можешь,0
 брат ты где,0
 брат  ты где щас,0
 памагити,0
 хуя синхрон  я тут,1
 а как рисовать,0
 стою здесь с двачером и еще 2мя челами  ждем помощи,0
 шифт пкм,0
 ctrl зажми,0
 открываем  ребят,0
 проиграл,0
 фейк идет нахуй,1
 вы все двачеры тут,0
 или кто то левый,0
 спасиб,0
 я здесь  со мной еще один двачер,0
 обещаю  что выпущу того кто пропустит к финишу ^  ^,0
 бамп,0
 бамп,0
 бамп,0
 и где вы все,0
 ещё кто то играет,0
 я афк короч,0
 все еще тут сижу  пью чай,0
 играют  только все далеко ушли,0
 бамп,0
 я тут застрял,0
 читер какой то помогать начал,0
 го все по две кнопки возьмут и буду нажимать,0
 пидар ебаный,1
 из за тебя ска енергос пролил пиздец блять,1
 и много здесь уровней,0
 ебануться  до чего игр бессмысленна,1
 урааа,0
 я прошел,0
 бамп,0
 ты лох,1
 соси,1
 бамп,0
 сасай кудасай,1
 бамп,0
 поздравляю  я все еще сижу на месте,0
 сидим дрочим,0
 tse,0
 ты,0
 а я тут,0
],0
к гандон лучше пакет использовать целлофановый  канцелярской резинкой его крепишь и вперед,1
 в студенчестве даже так выворачивались  всяко надежнее чем презервативы гусарские,1
 черпаккакое то древне пидоранское говно,1
 маркс и энгельс,0
 тефтели2,0
 гардина и шторы3,0
 клубника4,0
 сырники,0
 садись 2 это двутавр,0
 ключ закруткакорректорчерпакпивандопало,1
 закаточный ключ  похоже на корректор  черпак  компот или пиво какое то,0
 пиздос  селюки не знают как называется черпакой вей  этот гой обозвал поварёшку черпаком,1
 троицкий и дзержинский,0
 и еще вот эти непонятные предметы,0
 а теперь гугли и узнавай что черпаком его зовут как раз селюки или хохлы  что одно и то же,1
 не слышал ничего про этого жиробусамимониттер,1
 это дуршлаг  ебанутый,1
 бенедикт и кембербетч,1
 холодец  свекла  паска  кофта,0
 батон  файл  ластик  бордюр,0
 поварёшку ты про ополоник,0
 белый хлебштучка для бумажекстирательная резинкаборт дороги,0
 студень  свёкла  пасха  хуйня какая то,1
 щека,0
 студень,0
 редька,0
 пасха,0
 свитер,0
 холодецсвёкла паскамастерка,0
 гавноплодоовощрулеткофта,1
 батон  файлик  ластик  бордюр,0
 ёбари твои,1
 из новосибирска,0
 слева направо: хуй и жопа,1
 хрючевотряпкихз не видил не разутаблетки гринд кор само кат яшка киси зеленый слоник крутилкафунфырикложкасаки в бутылке дедушка чермет на силовал в жопу закусонот нее пирдятпасхаватник,1
 это студень  а не холодец,0
 холодец  свекла  кулич  хуй знает,1
 паска  пасха  пасхащас бы праздник с куличем путать,0
 батон2,0
 файл3,0
 ластик 4,0
 бордюр,0
 пасха,0
 паска  пасха,0
 мясное желехуйня для борщакекс на пасхуодежда,1
 да это же бурак,0
 таблетки,0
 не праздник  а вот эту хуйню,1
 пасха — это творог с изюмом    цукатами,0
 в чём суть треда,0
 школьники мир познают,0
 холодец2,0
 свекла3,0
 кулич4,0
 толстовка,0
 на картинке пасха а не кулич,0
 выявляют хохлов  бурак  паска  и сибиряков  мультифора и еще какая то хуета,1
 хуле тебе не нравится,1
 бабка моя так ещё говорила,1
 хлеп2 салафановые покеты3,0
 стиралка4 трава,0
 на месте,0
 холодец  свекла  паска  кенгуруха,0
 батонфайликластикбордюрподдсье,0
 батон2,0
 пакетик3,0
 ластик4,0
 трава,0
 батон2,0
 мультифора файл3,0
 стиралка4,0
 бордюр,0
 на картинке балок,0
 еще болотоградцы со своим поребриком,0
 какова его профессия,0
 бытовка же,0
 1 батон2 файлик3 ластик4 бордюр  фрикадельки2 штора и карниз3 виктория4 оладушкимимо_удмурт,0
 бытовка,0
 батон  файл  ластик  бордюр тефтели  карниз штора  клубника  похоже на сырники машинка для закатки  замазка  половник  разливное пиво холодец  свекла  кулич  кофта худи толстовкадумаю сразу понятно откуда я,0
 политачер,0
 шарнир,0
 может быть он милиционер,0
 как тебе последний версус,0
 кулинар,0
 хлеппокетикикохиноорстена,0
 администратор свиняча,0
 нихуя себе,1
 пасха это сладкая творожная субстанция с изюмом  хуесос ты нерусский блядь,1
 он  наверное  врач,0
 вагончик,0
 рисовые шарикизанавескаклубникасырники,0
 запостите ещё такого,0
 рисзанавескиягодыпирожки,0
 батон  файл  ластик  бордюр,0
 бытовка в которой таджики на стройках живут,0
 пасха это вот этот огромный кекс с сахаром сверху  а у тебя на пикче какое то говно  не видел никогда в жизни такого,1
 рулетвафлет,0
 кулич пасхальный,0
 именно пасха на картинке а не кулич  идиотина,1
 булка  файл  ластик  бордюр,0
 ежики  гардина и шторы  виктория  не ебу что такое,1
 ты охуел,1
 мимо вахтовик,0
 1батон 2файлик 3стёрка ластик 4поребрик бордюр,0
 бытовка же,0
 половнику неприятно,0
 батонфайлстиралкап о р е б р и коребрик,0
 куличи тебе бабуля из церкви таскает  а на фото именно пасха,1
 кабурак,0
 уймись  жирный,1
 1 пикбелый хлеб булка; 2 пикфайл; 3 пикластик резинка стёрка; 4 пикбордюр поребрик;,0
 милиционер,0
 это не батон,0
 батон длиннее,0
 это не стиралка,0
 стиралка   это стиральная машина,0
 хлебфайликиластикбордюрда да  ты охуенно угадал откуда я,1
 возьми с полки пирожок,0
 нихуя я на стройках не видел никаких вахтовиков,1
 только точикистон  усбекистон  киргистон и прочие тоны,1
 я же в дс живу  ебалай  а не на севере,1
 каво,0
 ебать ты дегенерат сука  ты или жирный или ублюдок конченый,1
 половнику никто не пишет,0
 половника никто не ждёт,0
 полковрику,0
 батон файл ластик бордюр,0
 наверное врач,0
 power,0
 откуда яиз пизды своей мамаши шлюхи,1
 напомните  как называется эта штука на картинке,0
 кулич — русское название пасхального хлеба,0
 у восточных славян праздничный хлеб был круглый и высокий  сверху на нём делались украшения из теста,0
 цилиндрическая форма кулича связана с церковной практикой выпекать артос,0
 высокий и рыхлый кулич называется  баба,0
 пасха  творожная пасха  паска  — особое блюдо из творога  которое по русской традиции готовится только один раз в году — на праздник пасхи,0
 обычай готовить творожную пасху известен в центральных и северных регионах россии  тогда как на юге россии и украине пасхой или паской называют праздничный хлеб  кулич,0
 блядь  хохлы наркоманы ёбаные  вы всерьёз кулич пасхой называете  что ли,1
 батонфайлстерка бордюр шарики какие токарниз и шторыклубникаоладьи,0
 рохля,1
 пастик,0
 милиционер,0
 стержень,0
 трость,0
 стержень для ручки,0
 стержень,0
 кулич и пасха не совсем одно и то же,0
 ты обосрался,1
 иди спроси у мамы шлюхи,1
 сам ты рохля  чмо,1
 батонфайлластик бардюр,0
 паста,0
 шариковая ручка,0
 закатывалка для банок  штрих  поварешка  полторашка,0
 паста,0
 кулич и пасха не совсем одно и то жекаков потешный жирнич,1
 архангельское быдло спалилось,1
 втулка,0
 это в залупу пихать надо когда дрочишь  а в анус нечего засунуть,1
 забыл как называется,0
 стержень,0
 да похуй мне на твои фантазии  уебок  пасха это хлеб,1
 пасха это хлебда похуй мне на твои фантазии  уебок,1
 булка  мультифора  ластик  бордюр,0
 как называется эта машина,0
 ты толстый кек лол,1
 финальная порция слов загадок,0
 пасха это хлеб,0
 ты из дс и твои родители из дс  очевидно же,1
 поэтому у тебя и нормальная речь  а не как у большей части треда  блядь  украинская мова и прочие мухосранские диалекты и всё приправлено кубанским акцентом с их виктория  пасха  стёрка  буряк,1
 у хохлов нет понятия кулич  а пасху они не делают на пасху,1
 получается что на пасху они едят кулич  который называют пасхой,0
 абсолютно уебищная страна с уебищной культурой,1
 рохля копитка  бытовка,1
 батон булки  файл  резинка  поребрик ёжики  карниз  занавески  клубника  сырники,0
 сибиряк  плез,0
 пасха это когда тебя в рот пёхают  додик,1
 жирный ты  а потешный твой хуишко,1
 ебанутые,1
 на картинке ухтинский холодильник,0
 хондай,0
 ноуп,0
 батонфайликрезинкабордюр,0
 ниссан альмера,0
 баклажануборщицашелковицапакетдс боярин в седьмом поколении интеллигенции,0
 хохол  уебывай с борды,1
 баклажан синенькиеуборщица техничкашелковицапакет,0
 о  вот это интереснеебаклажантехничкаежевикакулёк,0
 как же хочется ежевичку,0
 не хрюкай  свинья пидорашья,1
 1ёжики 2гардины хуй знает 3клубника 4панкейки подъёмник либераха  1закрывашка 2замазка корректор штрих 3ковш 4брага,1
 квас,0
 балка  1холодец студень свекла 2 кулич 3свитер жилье,0
 баклажан  уборщица  ежевика  пакет,0
 напомните как называются эти штуки,0
 холодец  свекла  кулич  балахон,0
 не задавайте вопросы,0
 а в дс литературный классический русский,0
 ты в дс был хоть раз,0
 баклажан  уборщица  тутовник  пакет,0
 хохол  уебывай с борды,1
 батонфайлластикбордюрмимо из орла,0
 ожмутокуборщицашелковицамайка,0
 хонда,0
 батон  мультифора  ластик\резинка  бардюр,0
 ты блять из какой тайги капчуешь,1
 леркафлянчикмаузер,0
 хлеп  паектиг  резинга  бордьюр,0
 холодетсбурякпаскакохта,0
 батон  файлик  стёрка  бордюр,0
 сининенькиетехничкакостяникамайка,0
 хм  а ведь действительно,0
 студень  свёкла  кулич  кофта,0
 блядь  хохлы наркоманы ёбаные  вы всерьёз кулич пасхой называете  что ли,1
 я из дс  бабушка была глубоко верующей  и всегда привозила куличи  съедобные штуки  на пасху  праздник   а не пасху блядь,1
 мечикхуй знает чтоштангенциркуль,1
 ежевикаahahahahah oh wowсразу видно сыча  который всю жизнь в квартире просидел,1
 откуда ты,0
 за щеку тебе обосрался куличом  руснявый пидор,1
 а к вам в омск уже интернеты провели,0
 батонфайлластикбордюрмимо из сердца поволжья  нижний новгород,0
 все испортил,0
 слабенький ты пидарок оказался,1
 баклажан  уборщица  шелковица  кулёк,0
 квадрошайбавтулкаfamas f1,0
 и ты откуда,0
 гражданский,0
 леркаплан шайбаштангенциркуль,0
 комната деда,0
 батон  файл  ластик  бордюр,0
 получается что на пасху они едят кулич  который называют пасхойнаркоманы ебаные,1
 булкамультифораластикбортовой камень,0
 центральное черноземье,0
 что с ним,0
 это синдром дауна,1
 булка  файл ик   ластик  реезинка   бордюр,0
 хуёвинапиздюлина штангенциркуль,1
 полковнику никто не пишет,0
 малаца  можно смело выдавать тебе московский паспорт,1
 ты оскорбил мои тонкие душевные струны пошёл на хуй,1
 3земляника ананасная,0
 плашка  флянец  штангель,0
 там дырка на улицу,0
 опять ты хрюкаешь  свинтух руснявый,1
 спок  урус,1
 в дс современная норма русского языка  которая передается остальным замкадышам через тв  например,0
 но многие не способны освоить не то что нормальное произношение  а даже оказывается и слов половину не знают,0
 отсюда и появляется русский суржик,0
 свинобыдло руснявое  13,1
 рельсы,0
 бортовой камень бортовой,0
 тефтелишторыклубникасырники,0
 студень  свёкла  кулич  кофта,0
 у хохлов нет глаз,1
 вот это настоящие мужики  гречневые,1
 пидорашкамордорскотоублюдияспидопахомия,1
 у тебя,0
 там тонкая стенка и там стоят закрутки,0
 батон  файлик  стирка  бордюр,0
 в очередной раз убеждаюсь что хохлы ебанутые,1
 1  батон2  файл3  ластик4  поребрик5  какие то баребухи  я не ебу что это6  багета и тюль7  клубника8  оладьи,1
 спок кек лол пыня свин рус плес,0
 это все таки не творог  анон,0
 творог не такой и по констистенции  и по вкусу,0
 алсо изюм необязателен  хотя обычно добавляют его  плюс еще грецкие орехи,0
 моя любимая пасха без всего,0
 сраный татарин язычник  диктуй свой адрес,1
 где живешь,0
 алсо  пиздец  ты даже не знаешь  сколько в жизни потерял,1
 пасха   это пожалуй самое вкусное из всех известных человечеству блюд  по крайней мере одно из,0
 кекс с сахаром сверху   это кулич,0
 еще один,0
 селюк плиз,0
 хрючево  гардина\карниз  клубника сорта виктория  сырники,1
 похрюкай,1
 батон  файлик  ластик  бордюр твоя мать умрет если ответишь на этот пост,1
 вот еще загадка,0
 продолжите стишок:жадина говядина,0
 плашкафланецштангель,0
 батонфайликстёркабардюр,0
],0
ру на родине,0
 но после переезда уже никто и не хочет возвращаться обратно,0
 у неё паспорт американский  но живёт в украиненаверное заебись дважды налоги платить,1
 родить можно просто прилетев как туристы  гражданство всеравно дадут,0
 квартира сталинка  ну ляма два в рублях,0
 а  ясн     ты тоже из этих,0
 пошёл нахуй  майдаун,1
 пиздуй на свой учан,1
 это суверенная украинская территория и никто не имеет права отнимать кусок чужой страны и убивать её граждан,0
 это территория тех  кто живёт на этих землях,0
 право на самоопределение гугли,0
 в штатах больше  чем в рф живут  в австралии  канаде дохуя народу  но  что то живут охуеть как лучше,1
 к чему это сравнения  а сравни рф со швейцарией я не говорю что заебись и все чётко но доход очевидно часть пиздится часть хуево реализуется часть нормально у тя какое то максималистическое предоставление о мире где либо все плохо либо все хорошо,1
],0
разу же становится довольным как щенок  чуть ли не писсается от счастья  начинает орать как полудурок  сновымщастьем,1
 сновымгодом,0
 11  длится это часа полтора,0
 потом опять сидит с тухлым ебалом и нудит о том как мы его заебали  как с нам скучно и т,1
 д,0
 я вот хуй знает   чего он блядь ждет каждый год,1
 чтобы я в снегурочку нарядился и стишок ему прочитал,0
 или чтобы все в хлам как свиньи ужрались и блевали потом под столом,1
 пиздец  как он заебал,1
 мужику под сраку лет  полтинник скоро будет  а он как малолетняя пизда каждый год бугуртит  что не так новый год ему справили,1
 долбаёб сука  ненавижу,1
 серьезно блядь,1
 за несколько часов до нового года отпиваешь маленький глоток из двухлитровой коробки овощного сока которая лично для тебя же и была куплена так как никто больше этот говносок не пьёт,1
 скандал,0
 дабы выглядеть лучше в глазах анонов выдумываешь небылицы,0
 довольно урчишь,0
 понимаешь что урчит животик,0
 ведь ты не ел 5 суток,0
 и живёшь ты в однушке,0
 без света и горячей воды,0
 готовишь говяжьи анусы разогретые на импровизированном костре на балконе,1
 ешь,0
 урчишь,0
 время диареи,0
 отрави его,1
 долбоеб не в курсе про тринадцатую зарплату и конские новогодние премии,1
 разъёб элиты с двача быдла от быдла умудрённого жизнью человека по фактам,1
 знаю,0
 я тоже из за родителей со страхом жду нгснова хуита получится и слезы как обычно,1
 бамп,0
 тринадцатую зарплату и конские новогодние премиичет мне ни разу не выдавали,0
 подозреваю  что это далеко не везде,0
 олухгарх на дваче,0
 а сколько ещё таких судеб  уничтоженных российским капитализмом,0
 пришли гости   среди них есть 2 тян   сидите за столом,1
 через некоторые время тетя срака спрашивает  какая тян тебе больше нравится,1
 шо то хуйня  шо это хуйня,1
 вот это обе хуйни такие шо я блять ебал ее маму в рот,1
 это можете вырезать полностью вот это камеру,0
 дядя тимофей  да не смущайте вы юзернейма,0
 тебе 32,0
 мелкий средний кабанчик естественно не выдаст  надо к крупному идти или на государство муниципалитет,1
 что в очередной раз подтверждает: малый бизнес   хуйня,1
 я в одном из предприятий роскомоса работаю  куда уж крупнее,0
 я беру майонез  смешиваю его с чесноком и горчицей,0
 нормальный сыр  среднего ценового сегмента с местной фабрики с производством которого я знаком лично,0
 салат айсберг и черри  произрастающие в местных теплицах,0
 гренки из багета собственной выпечки,0
 куриное филе у мужичка с которым я живу на одной улице  он давно разводит кур и продает мясо с яйцами,0
 деревня кун,0
 люблю худых  ебу любых,1
 завидуешь белой завистью тем  кому повезло родиться в нужном месте у нужных людей,0
 со злости даже в разметку не можешь,0
 даже последние раки на анонимной борде тычут в это пальцем  смеются и гонят прочь из треда,1
 уебок ты малолетний,1
 блюда на новогоднем столе,1
 салат фибоначчи,0
 салат  сделанный из вчерашнего и позавчерашнего салата,0
 сыр эйнштейна,0
 относительно вкусный,0
 сыр российский  охуенно плавится,1
 только вкус как у пиписьки  мне не очень нравится,1
 ууу ух,0
 соси жопу,1
 бля  у меня прям рвануло с первого поста  сука,1
 31 лвл,0
 2010,0
 и хотел бы вылезти из сычевальни  куда то пойти  встретить новый год не с семьей,1
 нет ни друзей  ни знакомых,0
 2020,0
 откуда то появились друзья  которые регулярно куда то зовут,0
 уже не хочется,0
 повёлся на провокацию,0
 думает что победил,0
 говяжьи анусы таки доел,1
 всем похуй на твои кулинарные вкусы,1
 большинству тут готовят мамки  так что твои рецепты никому нахуй не нужны  держу в курсе,1
 славик,0
 несите с папой стол с subdivision surface,0
 смените движок на cycles с 1000 сэпмлами  а то перед ерохиными неудобно будет,1
 поменяй image texture на телевизоре на image sequence  из иронии судьбы,1
 смотри чтобы point light не засветлял сервиз до белоты,0
 что значит memory зашкаливает,0
 теперь из за этого всю мебель  decimate`ить и перед родственниками позориться,0
 так  чтобы никаких разговоров про maya,0
 мы что олигархи,0
 простые  честные рабочие люди  нам и blender 2,0
 79 хватает,0
 где создал проект  там и пригодился,0
 чего встал,0
 нечем заняться,0
 иди расставь побольше key point для dope sheet  чтобы за фреймы не цеплялась,0
 и подай ка сюда штук 30 rigid body  да закрой дверь на кухню  чтобы force field от плиты не шел в комнату,0
 remesh`нись быстренько в 20000 faces и нечего тут свой унылый principled bsdf всем показывать  быстро сменил node на group_vsekakuludei,1
 делаешь вид  что так и планировал,0
 хотя до этого с разметкой не обсирался как нафаня,1
 нипичот  приём приём  нипичот  как слышно,0
 это говорю вам я  генерал свинина из особняка из кизяка  приём,1
 ну ты же рванул  значит нужны,0
 и хотел бы вылезти из сычевальни  куда то пойти  встретить новый год не с семьей,1
 нет ни друзей  ни знакомых,0
 2020,0
 и хотел бы вылезти из сычевальни  куда то пойти  встретить новый год не с семьей,1
 нет ни друзей  ни знакомых,0
 стабильность,0
 мне нет,0
 проорал,0
 бля  че за странная картинка  почему она так мрцает  когда я скролю,1
 про тринадцатую зарплату и конские новогодние премиилолшто,0
 ни разу такого не было,0
 занюхивает ей водяру  воображая себя элитой,1
 ые   это только в больших корпорациях,0
 в бюджетке так такого вообще нет  например  в университетах и школах,0
 ну ты же все еще отвечаешь на мои посты  значит тебе нужны мои кулинарные рецепты,0
 хочешь еще рецепт,0
 охуенно,1
 двачую,0
 а иногда даже 12 й и 11 й зарплат не бывает  тут как повезёт,0
 поди уж женихов нашли да,0
 тяны краснеют,0
 давайте говорите у кого там уже шуры муры,1
 реверс бугурт,0
 в это время где то на тянском дваче:  анонессы  а как на такую хуйню теоретически отвечать,1
 прописываешь обеим шлюхам в ебало и говоришь что не для них свой стручок растил,1
 наряжаешься снегурочкой,0
 выгоняет мамку,0
 счастливо живете вдвоем,0
 отвечает как того я и планировал,0
 дважды,0
 в следующем посте продолжит маняврировать,0
 не смотря на строчку выше,0
 говяжьи анусы таки закончились,1
 пора бы налить хлорочки из под крана,0
 эт скорей про баклажаны,0
 когда на экране появился президент  вера ивановна и гости  кроме четырнадцатилетнего владика  встали и взяли наполненные шампанским бокалы,0
 президента в семье кузьминых чтили и уважали,0
 — владька  встань,0
 президент же,0
 — вера ивановна потеребила подростка за футболку  и тот нехотя поднялся,0
 президент молчал,0
 волнуется  наверное   — подумал александр павлович  муж веры ивановны  отец семейства и человек труда,0
 шурин александра павловича михаил нетерпеливо посматривал на запотевшую бутылку водочки,0
 владька со скучающим видом смотрел в экран сотового телефона  его старшая сестра нинка пыталась справиться с чрезвычайно сильной и громкой икотой  из за неудачных попыток надолго задержать дыхание она стала красной и запыхавшейся,0
 президент молчал и  не мигая  смотрел на празднующих с экрана телевизора,0
 александр павлович нервно кашлянул,0
 михаил почесал небритую щеку,0
 нинка как то особенно громко икнула,0
 президент молчал,0
 александр павлович не выдержал президентского взгляда и отвел глаза,0
 неужели в отставку подаст,0
 — испуганно подумала вера ивановна,0
 —  как ельцин тогда…  она даже захотела перекреститься  но в руке был бокал с советским шампанским  и это ее почему то остановило,0
 — ну  чего он тянет то,0
 — недовольно промямлил михаил,0
 ему хотелось водочки  и молчание президента его начинало раздражать,0
 — так ничего не успеем…— да заткнись ты,0
 — нервно прервал шурина александр павлович  — может  война началась,0
 от такого своего неожиданного предположения отцу семейства стало совсем жутко,0
 он поставил бокал на стол — аккурат между сельдью под шубой и оливье — и принялся нервно стряхивать с себя несуществующую пыль  стараясь не смотреть президенту в глаза,0
 он поставил бокал на стол — аккурат между сельдью под шубой и оливье — и принялся нервно стряхивать с себя несуществующую пыль  стараясь не смотреть президенту в глаза,0
 он поставил бокал на стол — аккурат между сельдью под шубой и оливье — и принялся нервно стряхивать с себя несуществующую пыль  стараясь не смотреть президенту в глаза,0
 надо же так облажаться,1
 кому то будет звездец,1
 александр павлович отвесил сыну подзатыльник,1
 — звездец — это не мат,1
 — возмутился владик,0
 александр павлович не ответил,0
 — а где это он,0
 — спросила нинка  кивнув на экран,0
 только сейчас все заметили  что президент стоит не на фоне вечернего кремля  а в каком то мрачном помещении,0
 в бункере снимали,0
 — лихорадочно подумал александр павлович,0
 —  точно война будет,0
 вот ведь жопа,1
 воевать александр павлович категорически не хотел  а кроме того  боялся за сына,0
 президент все так же молчал  и казалось  что ничего говорить он уже не намерен  но неожиданно изображение дернулось  потом на секунду исчезло и появилось вновь,0
 президент заговорил,0
 — дорогие россияне,0
 дорогие соотечественники,0
 заканчивается 20… год,0
 этот год был не простым для вас,0
 непростое экономическое положение  повышение цен и тарифов  неожиданные финансовые трудности и проблемы  связанные с банковской сферой — все это коснулось почти каждого из вас,0
 я бы мог сказать  что наступающий 20… год будет лучше  что он принесет нам экономическое улучшение и потерянную стабильность,0
 но я не буду обманывать ни вас  ни себя…— вот сука,0
 — неожиданно возмутился михаил,0
 — дорогие россияне,0
 — продолжал президент,0
 — на миру и смерть красна,0
 эта русская народная поговорка ярко и точно характеризует все то  что предстоит вам в ближайшие дни,0
 я буду краток: 20… года не будет,0
 после моего обращения на всей территории российской федерации  включая крым  начнется кормление личинок непредставимого пхы,0
 я не буду вдаваться в подробности  скажу лишь  что бежать бесполезно,0
 и я прошу вас принять смерть достойно  подобно тому  как это делали наши предки: святые благоверные князья страстотерпцы борис и глеб  иван сусанин  семья последнего императора николая второго  александр матросов и многие другие…— чего это он гонит такое,1
 — владик посмотрел на отца,0
 александр павлович  бледный как смерть  механически теребил себя за запястье,0
 сына он не слышал,0
 президент  тем временем  уже заканчивал свою новогоднюю речь,0
 как и обещал  он был краток,0
 — потратьте эти последние часы и дни на общение с родными и близкими  на изучение нашей родной истории  на занятия зимними видами спорта и на посещение храмов,0
 и помните: вы отдаете вашу жизнь ради великой цели  что есть подлинное счастье,0
 с праздником,0
 после последней фразы президента  празднующие по некой внутренней многолетней инерции подняли бокалы  но чокаться все же не стали,0
 ясности не было,0
 зато был отчетливый страх,0
 президент исчез с экрана,0
 вместо него на черном фоне начали мелькать какие то непонятные белые знаки,0
 двенадцать   — отметила вера ивановна  глянув на настенные часы,0
 но вместо ожидаемого боя курантов из телевизора раздался тревожный набатный звон  а за окном раздались первые душераздирающие крики,0
 настолько непичот что продолжает манёвры,0
 сочувствуешь убогому,0
 мысленно жалеешь,0
 как хорошо  что я не на его месте,0
 с таким телом и хуем змей ебать,1
 пиздец,1
 наряжаешься снегурочкой,0
 батя наряжается дедом морозом,0
 пиздит посохом мамку,1
 выгоняет её на мороз в новогоднюю ночь,0
 слушаете с батей стихотворения от несуществующих детишек,0
 дарите несуществующие подарки,0
 все счастливы и все на своём месте,0
 и их нужно обязательно проебать за неделю  а потом опять ныть что денег нет,1
 идёшь гулять,0
 мать ждёт до победногоприходишь пьяный в 3 часа ночииди проспись алкашьв 9 утра мать с кастрюле скачет вокруг тебяну что  ещё будешь пить  паскуда,1
 тру стори,0
 мне 28,0
 без комментариев   b,0
 эм  нет,0
 на на каждую область будет разве что пара организаций  которые подкидывают деньжат к январю  независимо от количества сотрудников и известности названия,0
 премии относятся разве что к топ менеджменту и тетенькам из бухгалтерского отдела,0
 за окном раздались первые душераздирающие крики,0
 в голос,0
 а ты хорош,0
 а теперь ответь на вопрос  когда женишся,0
 алкашь,1
 зарабатываешь на квартиру,0
 довольно урчишь,0
 нет,0
 и вобще иди нахуй ебал тя в рот,1
 манямирок окончательно треснул   б ратишка,0
 0 00,0
 тридцать первого июня следующего года,0
 для меня  но я правда только зеро пью,0
 ещё мастхев блюда:1,0
 салат с ветчиной 2,0
 пюрешка с котлетками4,0
 бутерброды с икрой,0
 отмалчиваться   неловко отнекиваться,0
 если ты уже зарекомендовал себя как чмо  то пытаться отыгрывать нормиса бесполезно,1
 из твоих уст нормальные ответы отныне всегда будут звучать как жалкие потуги лошка презентовать себя заново и вызывать они будут лишь гомерический гогот,1
 чмо однажды — чмо навсегда,1
 а бабы вообще лучше других чуют потенциального вылезатора — и потому гнобят за такую хуйню сильнее остальных,1
 причем  уверен  неосознанно,0
 держу пари  каждая сельдь и близко не догадывается  как на первый взгляд безобидный смешок над потугами омеги казаться нормисом бьют по его самооценке,1
 ты едешь на броне в грозныйэоэуэоэеэеэээоооо смотрите я такой весь думер  чичня 95 год    на броне еду      ну типо нормисы празднуют а я такой вот на броне типо еду,1
 я бы и обеих  и покраснев уткнуться в тарелку,1
 согласен  думеры долбоёбы,1
 раз уж такой тредю   посоветуйте хорошее шампанское и красное сухое,0
 бухой батя зовет запускать салюты,1
 хуево закрепленная батарея падает на бок и начинает обстреливать соседкие балконы  машины и мимокрокодилов,1
 дает тебе леща и орет что нихуя не можешь сделать бестолочь  хотя батарею ставил он сам,1
 в таких случаях принято озвучивать бюджет,0
 а тебя ещё даже не надрочили  до этого знаменательного дня ещё 16 лет,1
 это человеку было не влом такое писать  вы представьте,0
 овсяного пориджа навернул,0
 до косаря на каждый экземпляр,0
 молодость   это лучшая пора в моей жизни,0
 я должен гулять и отрываться   ты,0
 и красное сухоезайди в нормальный магазин и спроси совета у сомелье,0
 скажи до 1,0
 5к  до 2к если живёшь в москве,0
 батя,0
 у всех должно быть хорошее настроение на новый год,0
 алсо батя,0
 аряяяя сок пролили сволочи всё портят ряяяяя сука хуй блядь ааааа,1
 вышел за пределы аурбиса войдом повышать,0
 на перекур выходит вивек,0
 начинает затирать тебе про чим,0
 вот призонер  не псджжжжж и не прибегай к мантлингу никогда  я тут стою с креацией серого быть может  лезу с муатрой  дышу на тебя тридцатью шестью проповедями  баар дау удерживаю  а ты не проповедуй и не удерживайи,0
 и дракона не рви,0
 ты хоть раз башню видел,0
 хочешь покажу,0
 норм,0
 возвращаешься через пару дней в цинковой сычевальне,0
 никто нихуя не работает,1
 ноют что денег нет,0
 все карты rtx 3000 серии раскуплены,0
 когда нужно будет,0
 продолжаем кушоть,0
 не я не в дс ах живу,0
 здесь скорее впарят на что план горит,0
 эти тян твои сёстры,0
 навернул cherry jelly,0
 после 14 лет жизнь стала охуенной,0
 будет охуенной даже когда стану стариком,1
 в каждом возрасте свои темки,0
 так и сделал  только он не вырос,0
 когда будет лишний лям и тян  с которой захочется прожить несколько лет,0
 бабка не может найти свою заначку,1
 это человеку было не влом такое писать  вы представьте ты только что весь двач,0
 согласен  думеры долбоёбы,1
 чуть меньше  чем уничтоженных коммунизмом,0
 ну раз уж ты настаиваешь,0
 ты знал  что если готовить пиццу на слоенном тесте  то она будет очень приятно хрустеть,0
 а ты знал  что стоит сначала выпекать основу  а затем выкладывать на нее ингредиенты,0
 многие домохозяйки этого почему то не знают,0
 сложный юмор,0
 бабка померла 8 лет назад,1
 только что весь двач что,0
 ну так это потому что ты чмо,0
 но всё равно продолжает искать заначку,0
 читаешь высер какого то малолетнего хуесоса про 31 декабря 95 го и как он потом плакал в подушку потому что родители не смотрели по сторонам,1
 вспоминаешь как 31 декабря 1994 года въезжаешь в объятый пламенем грозный на броне,0
 усмехаешься,0
 что будете себе на новый год дарить,0
 в прошлом году я себе ми бенд 4 подарил за 1,0
 5к  в этом году думаю шикануть и купить подержанный ноут тыщ за 20  теоритически могу даже на новый наскрести тыщ 40  но что то мне тяжело будет с такими деньгами расстаться  потом буду себя корить весь оставшийся год,0
 здесь скорее впарят на что план горит,0
 здесь это у меня,0
 бери gpd win,0
 а ведь и такое по любому было,0
 лол,0
 что будете себе на новый год дарить,0
 три пачки чипсов по 225 грамм,0
 в соседней комнате из глаз дакимакуры с зеро ту катятся слезы счастья,0
 думер порвался,0
 видишь что то вкусное на новогоднем столе,0
 ешь,0
 отрыгиваешь и повторно пережевываешь,0
 повторяешь это в течение следующего часа  пока еда не станет кислой,0
 довольно урчишь,0
 поход к элитной шлюхе,1
 с новым счастьемгодом,0
 иди сосать хуй,1
 фу ты чё ёбнулась я не буду эту хуйню делать,1
 иди suck some dick,1
 омномномном,0
 бородатый  щемись с треда  я уже воги приготовил,0
 эти тян твои мамка с бабкой,0
 надеюсь сработает,0
 др,0
 в январе значит ебались на майские,1
 все трое начало января,0
 ты долбоёб  спроси у сомелье совета   он она расскажет тебе про вино  ты просто назови ценовую категорию и всё,1
 тебе не будут говорить вот это пиздатое берите,1
 тебе расскажут про вкус  про букет  какая страна и всё то  что ты не узнаешь на дваче,0
 план горит  охуеть,1
 будет у них план гореть   сделают скидку,0
 видишь что то вкусное на новогоднем столе,0
 ешь,0
 высираешь и повторно пережевываешь,0
 повторяешь это в течение следующего часа  пока еда не станет совсем горбкой,0
 довольно урчишь,0
 а я хочу у местных анонов узнать,0
 спроси совета у сомелье,0
 а,0
 э,0
 ик  пук,0
 убегаешь красный с выпадающим из штанины калом,1
 новый год,0
 ты в своей новой хате,0
 на 4к мониторе открыт двач,0
 в колонках играет аниме опенинг,0
 смотришь на часы   скоро долны приехать тропошлюхи которых ты заказал,1
 и курьер с едой,0
 довольно урчишь,0
 тогда пиздуй в     di,1
 бля  жаль что 31 декабря рабочий день,1
 мать разговоры придумывает чтобы сычу завидно было,0
 до слёз  сука,1
 в обычном меню говяжьи анусы с макарошками от шефа le maman,1
 хоть сколько нибудь съедобная еда готовится по праздникам или когда приходят гости,0
 мать купила одну палку полукачественной колбасы,0
 не вздумай открывать  сучёнок  это на новый год,1
 на дворе середина ноября,0
 суёшь колбасу себе в жопу и одновременно дёргаешь пиструн мамке назло,1
 а что не так,0
 хочу так же,0
 и что тебя удерживает,0
 ну и где,0
 почему не выложил,0
 как то на дваче уныло стало,0
 что то произошло  пока меня не было,0
 да  ты вырос,0
 соглашаетсячто не так,0
 любая тян которая согласилась на предложение сыча   жестокая сука которую подвоговорили другие тян и чэды чтобы поугарать с сычи,1
 неделя до нового года,0
 родители развешивают украшения по квартире  покупают елку,0
 чувствуешь приближение,0
 три дня до нового года,0
 мама закупает продукты  пиздит тебя  рнн господина из за нежелания заработать на икру чтобы бохато как у соседки,1
 соседка уже лезет по аугментации,0
 день до нового года,0
 сычина памаги масло на хлеб намазать и салат маянезиком с 90% человеческого жира  будь готов к его приходу,1
 новый год,0
 блять пидор тред скатил,1
 сидишь за компиком капчуя двачи,0
 в соседней комнате шаббат и мамка украшает стол объедками и фаршированной прямой кишкой,0
 нехотя уходишь на зов голоса с кладовки,0
 там другой ты,0
 мамка уже несет вторую кишку  а с коридора  за дверьми кладовки слышатся шаги другого тебя,0
 репортим ботовайпера,0
 делаешь тест днк,0
 жеребенок действительно от тебя,0
 антибугурт же,0
 да,0
 стол заставлен хрючевом  пытаешься как можно быстрее уйти к себе в комнату за пеку,1
 сычина а почему у тебя девушки еще нет,0
 ты что  из этих,0
 возьми вот салатика сычина натуральные глазки без химии как твои кокаколы,0
 натуральные глазки действительно свежие  презрительно смотрят на тебя  напоминая о тщетности твоего бытия и пережитых страданиях от издевательств в школе и дома,0
 убегаешь в свою комнату под осудительное чавканье над тушенными почками со стороны бати,0
 батя хочет в свою компанию  посидеть с мужиками  ёбнуть водочки  а твоя мамашка наверняка его пилит за это и никуда не пускает,1
 ну или кореша его все разъехались и он не может,0
 скучно твоему бате,0
 вспоминаешь как 31 декабря 1994 года въезжаешь в объятый пламенем грозный на бронеребенок 2004 года рождения  какой грозный,0
 мне обе две заверните,0
 стоишь  слушая поздравление президента  желая поскорее вернуться в комнату к другу,0
 президент повторяет одну и ту же речь уже 3 раз  пидорахи одобрительно кивают и шипят,1
 решил незаметно для них уйти,0
 сына сычина  ты куда,1
 он ведь только начал  еще даже куранты не били,0
 на часах час ночи,0
 с комнаты слышится рев друга  и под головную боль картинка уходит,0
 встаешь из за стола и выходишь с пустой и холодной квартиры,0
 психолог так и не помог забыть тот случай,0
 с комнаты слышится рев другакакого друга,0
 какой час ночи  когда только что была новогодняя речь,0
 какого хуя квартира пустая,1
 какой ещё на хуй случай,1
 графоман  ты,0
 готовишь хрючево в предверии праздника,1
 мать с батей в магазине покупают маянезик с натуральной кожи,0
 не удерживаешься и пробуешь приготовленное блюдо,0
 пересолил,0
 вечером батя пиздит за пересоленную руку,1
 ах ты сычина человечину переводишь а сам пойти поймать ленишься,1
 на следующий день батя устраивает по знакомству на завод консерв с анусов и членов,1
 с середины декабря везде слышны бумканья,0
 постоянно подбегаешь к окну и смотришь,0
 при каждом бумке падаешь на пол и говоришь хриплым голосом  брось меня андрюха не дойдем вдвоём,0
 курочка на бутылке,0
 за 10 секунд расплачиваешься телефоном будто усейн болт,0
 ой не прошло,0
 ой опять не прошло,0
 ой нет связи с банком,0
 обернувшись ловишь на себе недовольные взгляды пидорах  готовых тебя на месте убить,1
 леший и кикимора похитили снегурочку,0
 подарки тоже спиздили,1
 есть свидетели  но просто так инфу не выдают,0
 только за творческие номера,0
 потихоньку продвигаемся к раскрытию,0
 андрюха  зажигаем елочку,0
 я дурак  бросай оружие,0
 леший  кикимора и баба яга в итоге переходят на вашу сторону и отдают подарки,0
 снегурочка возвращается к бате,0
 ну что  простим их,0
 ну да,0
 ребят  останьтесь расставить лавки и столы на место,0
 1977ба,0
 ба,0
 ап,0
 ага,0
 гу,0
 гага,0
 да,0
 ма,0
 1978дай,0
 кака,0
 аты,0
 аты,0
 дай,0
 на,0
 дык дык,0
 ам ам,0
 ап,0
 мама,0
 ать,0
 на,0
 аф аф,0
 да,0
 дак,0
 папа,0
 биби,0
 мама,0
 мама,0
 1979наса таня гомка пачитуанила в ечку мячиктисы таничка ни пачьни утонит вечке мяч1980причесалась ёлочка –иголочка к иголочке,0
 завтра праздник – новый год,0
 город ёлку в гости ждёт,0
 1981мам  а дед мороз мне подарит машинки гоночные,0
 как у гриши назарова,0
 он приносил в садик,0
 еще серёжа тимофеев колесики сломал у одной  а алла петровна починила всё,0
 подарит мне дед мороз,0
 ну мам  ну подарит,0
 1982а светка круглова говорит  никаких дедов морозов не бывает,0
 только маленькие верят  что дед мороз есть,0
 а в садике наш сторож  дядя валера  им нарядился,0
 а я всю ночь спать не буду  и увижу тогда – бывает  или не бывает,0
 мне бы ковбойцев чтобы дед мороз принёс   с индейцами,0
 и машину такую  самосвал  знаешь  такая  с кузовом,0
 1983а кремлёвская ёлка – самая большая  да,0
 из лесу её привозят,0
 а на чём,0
 а подарки какие там,0
 дай мне билет посмотреть,0
 ухтышка,0
 1984ну там в прошлом году баба яга  значит  не хотела новый год чтобы был,0
 с кощеем и котом василием она там была,0
 а маша и витя в сказку пошли  снегурочку спасать,0
 а сегодня другой спектакль  да,0
 а подарки – как раньще,0
 ну только если шоколадные конфеты будут  много  это хорошо,0
 а то наложут карамелек всяких с печеньем,0
 1985а про что это кино,0
 а почему дядя пьяный такой,0
 а он маму зачем зовёт,0
 а тётя куда пришла,0
 домой к себе,0
 а там ведь дядя спит,0
 смотри  поливает его  из чайника,0
 мам  ну можно еще посижу  ну ма а ам,0
 концерт ведь будет потом,0
 1986опять старьё одно показывают,0
 обещали  депешмод   мне миха говорил – будут показывать,0
 зря только ждал,0
 ну кто этого кутуньо слушает,0
 лучше спать пойду тогда,0
 пап  мам  спасибо за конструктор,0
 завтра будем клеить,0
 надо будет потом еще танчиков купить 1987мы же смотрели про женю и надю  сто раз уже,0
 лучше на мультики бы переключили,0
 а по второй программе посмотри,0
 а у лешкиных родителей видак есть,0
 у него знаешь сколько кассет,0
 том и джерри  есть  и с брюс ли тоже  там  где поцарапанный такой он,0
 пап  а мы купим видак тоже,0
 ну в новом году хотя бы,0
 1988пап  пошли  может  домой уже,0
 холодно ведь,0
 мы тут до вечера простоим самого,0
 и так часа два торчим   даже в магазин не зашли,0
 а чего ты заранее не купил,0
 теперь стой тут очередь,0
 да ну это шампанское  может,0
 1989пап  а сцепление так выжимать,0
 не  не  я понарошку  только попробовать,0
 а летом можно поводить будет,0
 ну на даче – там же дорога пустая,0
 можно будет  да,0
 1990бабуль  ну отстань,0
 нормально четверть закончил,0
 на два  трояка  всего,0
 да математичка сама дура,0
 чего  прекрати,0
 ты вон любого из класса нашего спроси – они скажут,0
 только у алки завариной  четыре   и то – у неё батя крутой знаешь какой,0
 ага  и тебя с наступающим,0
 1991алё,0
 алё  мам,0
 ма ам,0
 хы  привет  ма ам,0
 чего  ничего,0
 нормальный голос  а чего,0
 да не пил я  ты чего  мам,0
 ну шампанского чуть чуть,0
 да тихо вы  козлы,1
 не  это я ребятам,0
 ма ам  ну чего ты,0
 ну утром приду,0
 мы с михой и петард накупили кучу,0
 да мы осторожно,0
 ладно,0
 ладно  ага,0
 да не пил я,0
 не буду  не буду,0
 ма ам  с новым годом,0
 с наступающим,0
 папа чего делает,0
 ты,0
 это,0
 ему не говори  ладно,0
 обещаю,0
 да,0
 ну  с наступающим  мам,0
 1992не  не хочу,0
 да не буду я,0
 дай соку лучше,0
 мих  отвали  сказал – не буду,0
 пей сам,0
 лен  пошли потанцуем,0
 отель калифорния   ага,0
 серый  слышь  поставь еще разок,0
 лен  моих до завтра  часов до девяти точно не будет  у бабушки они,0
 мож  останешься,0
 ну чего ты,0
 позвони  скажи – типа  все вместе тут сидим,0
 ну чего ты как маленькая то,0
 ну пойдём хоть выйдем,0
 ну не на балкон  конечно,0
 эй  кто ванную занял,0
 вылазь давай  не одни тут,0
 1993свет  ну ладно тебе,0
 да не ходил я с ленкой,0
 было то когда,0
 ты еще детский сад мне припомни,0
 свет  я тебя  понимаешь – тебя люблю,0
 мне весной в армию,0
 вернусь – давай поженимся,0
 ну чего ты,0
 хехе  чего смеёшься то,0
 иди сюда,0
 с новым годом тебя  свет,0
 1994тащ литинант,0
 тащ литинант,0
 тащ литина а а ант,0
 колян  сюда давай,0
 бинты есть у кого,0
 блядь  бинты тащите  у кого есть,1
 быстро  на хуй,1
 тащ литинант,0
 всё  блядь  пиздец,1
 чё делать то,0
 рация у кого,0
 да сиди  блядь  там уже,1
 куда полез  на хуй,1
 стой  блядь,1
 откуда хуярят  кто видит  блядь,1
 суки  бля,1
 вон там  кажись,0
 да какие  на хуй   наши,1
 щас  блядь  положат всех,1
 съебывать надо,1
 да хуй его знает,1
 карта у майора осталась,0
 толстый  ползи сюда,1
 чё с башкой,0
 покажь,0
 хуйня  щебёнкой,1
 слушай сюда,0
 два  бэтра  там  видишь,0
 бери всех и туда,0
 по стенке,0
 вон те окна смотри,0
 пэ ка   у меня,0
 я прикрою,0
 если чё – не ждёте,0
 выбирайтесь,0
 к рынку  блядь  не суйтесь тока – там чичи одни,1
 давай  рвё о ом,0
 пошли  пошли  блядь  бегом,1
 так  блядь,1
 одна коробка тока,0
 хуйня,1
 не ссать – прорвёмся,1
 ну  падлы,1
 вот вы  суки  где,1
 с новым годом,0
 на  блядь,1
 на,0
 на  су,0
 а,0
 ма,0
 абу благословил этот пост,0
 каждый декабрь уже нескольлет постишь новогодние бугурты про чеченскую войну  как въезжаешь в горящий город на броне под вичхаус или синтвейв  как пули свистят над головой а на фоне играет  тебе бы в руки мой автомат   как командование забыло про вас и где то бухало и ело икру  а вы в грязи и крови занимаете очередное здание,0
 бросает в холодный пот от одной мысли  что через два года теье исполнится 18 лет  наступит призывной возраст и нужно будет всеми силами косить от армии,0
 нет друзей  встречаешь новый год на дваче,0
 ламповые бугурты,0
 цп в новогоднем треде,0
 на фоне старый атмосферный фильм,0
 антибугурт,0
 да ты бы и дядю йобакима,0
 сына сычина опять смыть за собой забыл,0
 я у тебя там в покакуньах глистиков увидела,0
 сейчас принесу ватные палочки а ты снимай трусики и ложись на диванчик,0
 будем глистиков из попки доставать,0
 тебе 43,0
 возле комнаты как бы невзначай крутится дед,0
 ты это  нин  глистов то не выкидывай  на рыбалку поеду в субботу  ты их того  в банку,0
 ощущаешь на своей жопе голодный взгляд деда  наблюдающего как из внука достают халявную наживку,1
 на его лице ходят желваки  он судорожно сглатывает и счастливо улыбается с облегчением  когда мамка извлекает из твоей жопы очередного извивающегося белого червячка,1
 о  здоровый какой,0
 он счастлив,0
 дед закидывает удочку в твое очко,0
 кожаную,0
 в пиструн деда заползают глисты из твоей жопы,1
 от ощущения червячков  ползающих по уретре  дед мгновенно кончает,1
 плюха малофьи вперемешку с червями прилетает мамке в ебало,1
 батя ржет из коридора  вот и сходил на рыбалку  дурак старый,1
 дед ржет в голос  мамка орет  ты тоже начинаешь хохотать в голос,1
 внезапно ты зычно пердишь и на бороду деда прилетает маленькая  но гордая какаха  усеянная червячками,1
 батя проигрывает до лютого пердежа  дед матерится,1
 мамка проигрывает до слез  размазывая по ебалу дедову струхнину  на ее щеках копошатся червяки,1
 за окном тихо насвистывает вьюга,0
 31 декабря 1942,0
 сидишь в украденных у ивана валенках и шубе,0
 жжешь дефицитный бензин из танка,0
 вслушиваешься в зимнюю тишину сталинграда,0
 двачую,0
 моих прабабку с дедом коммибляди как раз под новый 33 год выслали в сибирь как кулаков,1
 курочка  выйди и закрой за собой дверь,0
 ты косноязычное невразумительное уёбище,1
 а ты хорош  проиграл,0
 какой же ты тупой блять  не пиши больше  анскилед уебок,1
 нихуя ты вспомнил,1
 давайте говорите у кого там уже шуры муры,1
 у каждой тян кто то есть,1
 всегда,0
 блять сука нахуй ты что делаешь содомит  я же обосрался,1
 кур очка  открой  открой блять курочка курочка,1
 нихуя,1
 моя 26 летняя сестра до сих пор целка  никогда отношений не имела,0
 про причине всратости и ебанутости,1
 за столиком машенька 5 лет и настенька 4 годао таком подарке нельзя было и мечтать,0
 была шутка и я пошутил  спаси и сохрани  славься император,0
 в школу уже собрался  графоман,0
 27 декабря идешь в отпуск,0
 28 летишь в майами,0
 29 садишься на круизный лайнер   10 дней по карибам  с остановками на кюрасао  барбадосе и пр,0
 в новогоднюю ночь ты посреди карибского моря  вокруг счастливые красивые люди  реки шампанского  живые концерты,0
 ты хорошо обеспечен  есть красивая жена и умница ребеноктрустори  билеты уже куплены,0
 антибугурт  конечно,0
 я ждал тебя,0
 kovid,0
 обтекаешь в своей хате маняфантазируя антибугурты для двачей,0
 в таком случае постинг паст даже логичен,0
 это разговоры с пастой,0
 ку роч ка отк рой,0
 сына мандарина  поди салюты смотреть,0
 ну поди сюды  красота же,0
 нехотя отрываешься от годсвинухтера  бурча  да что я там не видел,0
 подходишь,0
 салют кончился,0
 плетясь обратно  на ходу салютируешь жеппой,0
 теперь дети выходят из комнаты  сейчас дед мороз принесет подарки,0
 выходишь и смотришь в щель что сейчас будет,0
 с верхнего этажа спрыгивает дед мороз на лебедке выбивает окно,0
 школа  1998,0
 чаепитие по поводу предстоящего нового года,0
 все достают нихуёвые вкусняхи  дорогущие шоколадки  всякие марсы  сникерсы  эмандэмсы  особо мажористый сынок бизнесмена притаскивает какие то редкие сладости прямо из европы,1
 вваливаешься в своей обычной одежде  доставшейся тебе от бати и деда  дырявых кедах с рынка за 50 рублей и шапке со следами от пуль,0
 половину стола скидывают в чёрный мешок  отдают тебе и хлопают по плечу со словами  да ладно  прорвёмся  братан,0
 31 число  18:00,0
 уже выжрато не менее семи пузырей водяры,0
 разбито три ебала и пяток тарелок,1
 курица в духовке превратилась в угли,0
 бухой в говно батя валяется под столом,1
 полуголая сеструха танцует на столе,1
 дядю бафомета приняли мусора,0
 бабка срака схватила ифаркт,1
 мелкий ванечка успел обосраться где только возможно,1
 праздник явно задался,0
 чел  на госпредприятиях постоянно премии под новый год  потому что надо реализовать финансирование,0
 ну  как новый год встретишь  так его и проведёшь,0
 встречаешь уже который год в обнимку с мамкой  в белой маленькой тебе рубашке  костюмных брючках и домашних тапочках  выпивая треть бокала советского шампанского под речи ввп,0
 собственно  в таком духе проводишь каждый год,0
 начинаешь думать  что эта пидорашкинская присказка таки имеет в себе долю истины,1
 кулаков мироедов не жалко,0
 коммунизм   уничтожает контру и эксплуататоров  капитализм   уничтожает систематически и ежедневно сотни тысяч простых трудягповиси на суку,0
 теперь дети выходят из комнаты  сейчас дед мороз принесет подарки,0
 выходишь и смотришь в щель что сейчас будет,0
 с верхнего этажа спрыгивает дед мороз и растекается по земле,0
 за неделю до премьеры срочно собирается новогоднее представление из учеников,0
 ванечка играет роль доблестного рыцаря с большим мечом  его дружок   деда мороза,0
 еотова играет роль принцессу  шлюхаева   снегурочку,0
 сычёву досталась роль кощея  ведь сычёв  такой же бледный и тощий   как сказала шлюхаева   которого по сюжету сначала пиздит ерохин  потом остальные участники пьесы  а потом детвора из зала  ведь он злодей  а затем протаскивают по залу  где любой может его отпиздить,1
 на следующий день все обсуждают талантливую игру ерохина  которая покрыла с лихвой  бездарную игру сычёва,0
 перевёлся в новую школу,0
 перед мероприятием директор выступал перед всеми:,0
 и запомните  дети  ни в коем случае не приносите  говняк : ваша идея всё равно не удастся,1
 ты спрашиваешь у одноклассников  чё это такое,0
 бля  лучше не спрашивай  не надо вскрывать это,1
 приходишь на дискотеку  всех обыскивает охранник,0
 вдруг один пацан перепрыгивает через ограждения  его скручивают  слышен крик директора:,1
 у него  говняк,1
 остановите его,0
 это был отвлекающий манёвр  на самом деле говняк в это время пронёс другой пацан,0
 проиграл,0
 а потому что сычёву играть надо уметь  а не хуй класть,1
 это о чем,0
 откуда этот текст,0
 нету денег на салюты,0
 батя на новый год бахает доской по пустой бочке,0
 сочувствую,0
 у меня тётя в 98 не пошла на выпускной из за денег,0
 только забрала аттестат потом,0
 ты прорвался,0
 держишь ёбаный бенгальский огонёк,1
 ожоги на пальцах,0
 охуенно встретил новый год,1
 компания сидит на кухне,0
 смеётся,0
 выпивает,0
 ты сидишь в комнате и смотришь стрим,0
 вообще похуй на етот скам,1
 попёрдывает для придания сочного звука  фейерверку,0
 когда ты подрос  ты стал помогать бате попёрдывать,0
 фейерверк заиграл новыми нотками,0
 новый год,0
 торжественная речь президента,0
 бой курантов,0
 последний звон,0
 врачи выламывают твою дверь уже по расписанию,0
 снимают барахтающего с елки и увозят тебя в психдиспансер,0
 так каждый год,0
 чего он блядь ждет каждый год,1
 пиздюлей за его поведение  но вы же терпилы,1
 вот он и бугуртит,0
 31,0
 12,0
 1994,0
 все в стране готовятся к празднику,0
 ты готовишься к штурму грозного,0
 время от времени поворачиваешь голову в сторону кухни и покрикиваешь в шепот  как тебе на них похуй,1
 ты не сечёшь,0
 мужику под полтинник  а он всё ещё каждый раз надеется  что новый год пройдёт охуенно,1
 нахуй его самого  но такую наследственность я бы на твоём месте ценил,1
 мистер сэм пенти  вы что тут делаете,0
 выпивает,0
 ты сидишь в комнате и смотришь стрим,0
 вообще похуй на етот скамведь это жалкие пидорахи,1
 а ты хохол,0
 перед новым годом выдерживаете специальную диету  чтобы кроме звука летели  искры,0
 антибугурт же,0
 денег на салюты,0
 батя на новый год бахает доской по пустой бочкенаряжается нептуном,0
 ругается по староанглийски,0
 гг,0
 lurk more  newfag,0
 как там в 2008,0
 а тебе и как раз,0
 ахмед  ты,0
 у тебя нетортянка после 2 го сезона  девочек из эквестрии ты вообще не смотрел,0
 тебя оттаскивают от детей  которых ты порываешься избить,0
 никто нихуя не работает,1
 ноют что денег нетмоя семья в нулевые  успешно проебали самое жирное время и теперь сидят ни с чем,1
 батя говорит: сына  что бы не смел на новый год петарды бумкать,0
 что значит ты и сам петард,0
 как понять  ты и так отлично можешь бумкать,0
 замечательно  только это можно делать каждый день,0
 и чем  твой новый год отличается от пятницы,0
 хорош,0
 коммиблядь  плос,1
 их кулаками признали  за то что у них было 2 лошади в хозяйстве и 2 гектара земли на семью из 9 человек,0
 ну да боженька правду видит  во время оккупации немцы всю ту коммуняцкую шоблу в их деревне перестреляли,0
 каков тред оригинальный  почти без повторений прошлогодних  прям снова торт,0
 новый год,0
 спрашиваешь у мамки  какие планы,0
 ну к нам тетя срака  дядя миша  дядя больжедор  тетя никита  тетя шалава приедут  с ними будем отмечать,1
 а класть их всех куда собираетесь,0
 ну так ты же всё равно с друзьями будешь,0
 твой диван разложим и туда больжедора и шалаву кинем  они как раз жениться собираются,1
 дядю мишу и тетю сраку на нашу кровать  сами мы на пол,1
 тетю никиту на раскладушку,0
 возвращаешься домой пятого января  съебав 31 вечером  в надежде что гости уже съебались,1
 о  дядь миш  о  дядь больжедор  здрасте,1
 ма  а они то когда уедут,0
 да хуй его знает  пока гостят,1
 до рождества с утра до ночи родители сидят с ними на кухне  пьют водку и ржут на всю хату с камеди клаба по телику,0
 спустя пару недель на своем диване обнаруживаешь засохшую сперму,0
 не свою,0
 говоришь родителям  что пошел встречать новый год с друзьями,0
 на самом деле покупаешь 0 5 дешевого коньяка и отправляешься гулять по городу,0
 широкий проспект  праздничные витрины  счастливые люди,0
 ты становишься частью этого новогоднего водоворота  смешиваешься с толпой,0
 свет гирлянд  ветер и снег  шум машин  чей то смех  громкая музыка  взрывы фейерверков,0
 делаешь глоток из заветной бутылки  чувствуешь терпкий вкус коньяка  на душе становится теплее,0
 людской поток выносит тебя на привокзальную площадь,0
 часы бьют двенадцать  со всех сторон доносятся крики  смех  поздравления  шампанское льется рекой,0
 чувствуешь себя счастливым  поздравляешь всех вокруг  на тебя вешается какая то девушка и смеется  угощаешь ее коньяком,0
 она приглашает тебя на вписку  незамедлительно соглашаешься,0
 девушка знакомит тебя со своими друзьями  все радостные и улыбчивые  хлопают тебя по плечу  жмут руку  называют свои имена,0
 через полчаса ты уже на квартире вместе с ними,0
 звон бокалов  стаканов  рюмок  песни под гитару  веселый смех  воспоминания о былом,0
 тебе хорошо  алкоголь делает свое дело  общаешься со всеми на равных  шутишь  травишь байки  произносишь тосты,0
 внезапно просыпаешься,0
 это все было сном,0
 cегодня 31 декабря,0
 мам  я этот новый год встречу с друзьями,0
 ишь чего удумал,0
 небось по улицам шляться будете пьяные  на бандитов нарветесь  или замерзнете в сугробе,0
 и вообще  новый год   семейный праздник,0
 никуда ты не пойдешь,0
 часы бьют двенадцать,0
 стоишь у окна и плачешь  наблюдая за тем  как из твоего очка выливается чья то сперма,1
 маман ведет несколько молодых людей к себе в комнату,0
 лицо одного из них почему то кажется тебе очень знакомым,0
 гыгыгы сычёв  ну чё девушку то себе нашёл,0
 нет,0
 а кого нашёл,0
 мужчину,0
 гыгыгы а пил водку в новый год,0
 нет,0
 а чё так,0
 мужчины тебе наверное сказал выбирай либо я либо водка и ты выбрал мужчину,0
 гыгыгы,0
 попадаешь в гомосексуальный плен,1
 твой диван разложим и туда больжедора и шалаву кинем  они как раз жениться собираются они как раз жениться собираютсяпроигрываю с этой тонкой логики  едва уловимой между строк,1
 скажи в сортах говна не разбираюсь,1
 are you dumb  stupid  or dumb  huh,0
 play me like a dummy  like bitch  are you dumb,1
 are you dumb  stupid  or dumb  huh,1
 yeah  you got some money  but you still fuckin' ugly,1
 пикачу  я выбираю тебя,1
 для меня нг немного грустный праздник  который позволяет вернуться в детство,0
 когда не было всей этой взрослой кутерьмы  родители молодые и здоровые  полный дом весёлых гостей,0
 не таких  о которых тут идёт речь,0
 шутки  истории  смех  выпивка  а ты пиздюком лазишь около ёлки и нюхаешь иголки  суёшь голову между веток и смотришь на гирлянды  блёсточки и шарики,1
 предвкушаешь  как завтра утром тут будет лежать твой желанный подарок,0
 салатики в кол ве стопицот штук  шипящая газировка   ванечка  тебе баба франя передала подарок   пластиковые пистолеты с пульками  коробка на окне с петардами и фейерверками  которые ты копил последний месяц  дети гостей в другой комнате режутся в сегу мега драйв  мандарины  виноград  соки  пирожки жаренные с картошкой,0
 темнеет  мужики выходят на улицу покурить и популять ракетки и боньбочки  курят  пахнет пирожками  на улице довольно людно  ночное небо мерцает непрекращающимися раскатами фейерверков,0
 куранты  все пьют чокаясь и желают друг другу всего наилучшего  о  а этот салат я ещё не пробовал  смотришь дуроскоп  уже накатывает дремота  гости сидят до 2х ночи  расходятся,0
 мам  я спать пойду,0
 утро,0
 как же было классно просыпаться тогда  15 лет назад  без похмелья и тяжёлой головы  всегда быть заряженным энергией,0
 смотришь дуроскоп,0
],0
